Vehicle_ID,Depart_Time,Arrival_Time,Duration,Waiting_Time,Time_Loss,Distance_Traveled
veh0,0.0,55.0,55.0,0.0,16.95,650.14
veh5,44.0,86.0,42.0,0.0,3.56,420.9
veh5.1,45.0,92.0,47.0,0.0,5.02,420.9
veh3,27.0,102.0,75.0,0.0,14.72,823.23
veh3.1,30.0,105.0,75.0,0.0,17.87,823.23
veh3.2,33.0,112.0,79.0,1.0,19.63,823.23
veh1,9.0,123.0,114.0,0.0,27.02,1292.35
veh3.3,36.0,128.0,92.0,0.0,18.36,823.23
veh3.4,39.0,131.0,92.0,0.0,33.58,823.23
veh3.5,42.0,136.0,94.0,0.0,24.81,823.23
veh3.6,47.0,140.0,93.0,0.0,27.36,823.23
veh4,35.0,145.0,110.0,0.0,22.61,1265.86
veh4.1,37.0,146.0,109.0,0.0,28.22,1265.86
veh7,62.0,155.0,93.0,6.0,38.34,925.73
veh4.2,41.0,156.0,115.0,0.0,22.68,1265.86
veh7.1,65.0,157.0,92.0,3.0,36.13,925.73
veh7.2,68.0,160.0,92.0,0.0,35.97,925.73
veh9,79.0,161.0,82.0,22.0,37.75,563.1
veh7.3,71.0,162.0,91.0,0.0,36.53,925.73
veh12,105.0,162.0,57.0,0.0,16.08,575.05
veh4.3,44.0,163.0,119.0,0.0,20.76,1265.86
veh3.7,50.0,165.0,115.0,9.0,44.25,823.23
veh7.4,74.0,166.0,92.0,0.0,33.29,925.73
veh12.1,108.0,166.0,58.0,0.0,20.73,575.05
veh5.2,46.0,167.0,121.0,64.0,75.71,420.9
veh12.2,111.0,168.0,57.0,0.0,24.25,575.05
veh5.3,48.0,169.0,121.0,62.0,78.12,420.9
veh7.5,77.0,169.0,92.0,0.0,26.87,925.73
veh5.4,50.0,171.0,121.0,61.0,79.99,420.9
veh12.3,114.0,171.0,57.0,0.0,24.75,575.05
veh4.4,47.0,172.0,125.0,0.0,20.93,1265.86
veh4.5,50.0,173.0,123.0,0.0,26.67,1265.86
veh5.5,52.0,173.0,121.0,60.0,81.14,420.9
veh7.6,80.0,173.0,93.0,0.0,25.88,925.73
veh5.6,54.0,174.0,120.0,59.0,87.2,420.9
veh12.4,117.0,174.0,57.0,0.0,23.41,575.05
veh4.6,53.0,177.0,124.0,0.0,26.37,1265.86
veh5.7,57.0,177.0,120.0,59.0,79.43,420.9
veh12.5,120.0,177.0,57.0,0.0,19.66,575.05
veh5.8,59.0,178.0,119.0,58.0,87.74,420.9
veh4.7,56.0,179.0,123.0,0.0,44.82,1265.86
veh5.9,61.0,180.0,119.0,58.0,86.73,420.9
veh12.6,123.0,180.0,57.0,0.0,26.49,575.05
veh4.8,59.0,181.0,122.0,0.0,32.59,1265.86
veh12.7,126.0,182.0,56.0,0.0,25.01,575.05
veh3.8,55.0,183.0,128.0,20.0,72.08,823.23
veh4.9,62.0,184.0,122.0,0.0,32.33,1265.86
veh12.8,129.0,185.0,56.0,0.0,23.56,575.05
veh3.9,58.0,189.0,131.0,17.0,71.06,823.23
veh12.9,132.0,189.0,57.0,0.0,20.77,575.05
veh13,114.0,195.0,81.0,0.0,20.28,711.51
veh7.7,83.0,204.0,121.0,20.0,51.48,925.73
veh7.8,85.0,206.0,121.0,18.0,53.42,925.73
veh7.9,89.0,209.0,120.0,18.0,69.49,925.73
veh13.1,117.0,215.0,98.0,17.0,36.53,711.51
veh17.1,149.0,216.0,67.0,0.0,14.18,1279.35
veh9.1,82.0,219.0,137.0,73.0,91.63,563.1
veh9.2,85.0,222.0,137.0,72.0,89.79,563.1
veh17,149.0,224.0,75.0,0.0,12.17,1279.35
veh9.3,111.0,226.0,115.0,50.0,64.66,563.1
veh17.3,152.0,226.0,74.0,0.0,22.24,1279.35
veh9.4,115.0,228.0,113.0,48.0,64.27,563.1
veh18,158.0,230.0,72.0,0.0,8.74,778.69
veh9.5,118.0,231.0,113.0,45.0,64.09,563.1
veh9.6,132.0,233.0,101.0,33.0,57.28,563.1
veh18.1,161.0,243.0,82.0,0.0,8.85,778.69
veh16.3,169.0,245.0,76.0,0.0,12.46,777.36
veh18.2,164.0,245.0,81.0,0.0,17.42,778.69
veh18.3,167.0,247.0,80.0,0.0,19.32,778.69
veh16,157.0,248.0,91.0,0.0,25.09,841.22
veh18.4,170.0,248.0,78.0,0.0,20.5,778.69
veh16.1,162.0,250.0,88.0,0.0,27.38,841.22
veh18.5,173.0,250.0,77.0,0.0,14.27,778.69
veh16.2,166.0,252.0,86.0,0.0,35.1,841.22
veh13.2,120.0,253.0,133.0,35.0,67.04,711.51
veh13.4,126.0,257.0,131.0,26.0,72.81,711.51
veh17.4,155.0,259.0,104.0,21.0,37.59,1279.35
veh16.5,176.0,260.0,84.0,4.0,20.73,777.36
veh18.6,176.0,260.0,84.0,0.0,9.9,778.69
veh17.7,158.0,261.0,103.0,21.0,45.58,1279.35
veh21,184.0,261.0,77.0,0.0,24.4,920.35
veh13.3,123.0,262.0,139.0,41.0,83.43,711.51
veh16.6,179.0,262.0,83.0,0.0,18.47,777.36
veh18.7,179.0,262.0,83.0,0.0,23.75,778.69
veh17.9,161.0,263.0,102.0,21.0,42.12,1279.35
veh21.1,187.0,265.0,78.0,0.0,27.26,920.35
veh16.4,173.0,266.0,93.0,7.0,36.41,841.22
veh13.5,129.0,268.0,139.0,31.0,81.84,711.51
veh18.8,182.0,269.0,87.0,0.0,10.29,778.69
veh17.2,152.0,270.0,118.0,18.0,37.15,1279.35
veh18.9,185.0,271.0,86.0,0.0,23.1,778.69
veh13.6,132.0,272.0,140.0,39.0,83.77,711.51
veh17.5,155.0,272.0,117.0,18.0,57.74,1279.35
veh21.2,190.0,272.0,82.0,0.0,23.33,920.35
veh17.6,158.0,273.0,115.0,16.0,54.11,1279.35
veh19,167.0,273.0,106.0,0.0,22.74,961.32
veh17.8,160.0,275.0,115.0,15.0,53.08,1279.35
veh21.3,192.0,275.0,83.0,0.0,23.52,920.35
veh19.1,170.0,276.0,106.0,0.0,33.86,961.32
veh13.7,135.0,277.0,142.0,36.0,80.47,711.51
veh21.4,195.0,278.0,83.0,0.0,31.8,920.35
veh10,88.0,280.0,192.0,87.0,112.46,936.29
veh13.8,138.0,281.0,143.0,32.0,79.51,711.51
veh20,175.0,281.0,106.0,12.0,34.99,1040.02
veh15,132.0,282.0,150.0,51.0,86.28,998.3
veh19.2,173.0,282.0,109.0,0.0,31.0,961.32
veh20.1,178.0,283.0,105.0,13.0,49.7,1040.02
veh15.1,135.0,284.0,149.0,46.0,84.32,998.3
veh21.5,198.0,285.0,87.0,0.0,25.92,920.35
veh13.9,141.0,286.0,145.0,35.0,77.1,711.51
veh20.2,181.0,286.0,105.0,8.0,39.03,1040.02
veh21.6,201.0,287.0,86.0,0.0,28.89,920.35
veh20.3,184.0,289.0,105.0,7.0,35.87,1040.02
veh21.7,204.0,290.0,86.0,0.0,29.61,920.35
veh20.4,187.0,291.0,104.0,6.0,45.92,1040.02
veh19.3,176.0,293.0,117.0,0.0,27.3,961.32
veh21.8,207.0,293.0,86.0,0.0,25.28,920.35
veh20.5,190.0,294.0,104.0,3.0,41.47,1040.02
veh14,123.0,296.0,173.0,37.0,91.56,1402.11
veh20.6,193.0,296.0,103.0,0.0,44.62,1040.02
veh21.9,210.0,296.0,86.0,0.0,26.86,920.35
veh19.4,179.0,298.0,119.0,0.0,37.64,961.32
veh20.7,196.0,298.0,102.0,0.0,42.91,1040.02
veh14.1,126.0,301.0,175.0,36.0,85.46,1402.11
veh16.7,182.0,301.0,119.0,24.0,53.41,841.22
veh20.8,199.0,301.0,102.0,0.0,44.01,1040.02
veh14.2,129.0,302.0,173.0,34.0,91.8,1402.11
veh19.5,182.0,302.0,120.0,0.0,40.25,961.32
veh20.9,202.0,303.0,101.0,0.0,39.44,1040.02
veh24,210.0,303.0,93.0,0.0,30.83,756.07
veh16.8,185.0,304.0,119.0,22.0,62.05,841.22
veh24.1,213.0,304.0,91.0,0.0,35.22,756.07
veh25,219.0,305.0,86.0,0.0,12.82,708.86
veh16.9,188.0,306.0,118.0,21.0,64.54,841.22
veh25.1,222.0,307.0,85.0,0.0,26.58,708.86
veh14.3,132.0,308.0,176.0,30.0,77.83,1402.11
veh19.6,185.0,308.0,123.0,0.0,39.9,961.32
veh14.4,135.0,309.0,174.0,28.0,98.1,1402.11
veh25.2,225.0,309.0,84.0,0.0,23.88,708.86
veh14.5,138.0,311.0,173.0,24.0,84.15,1402.11
veh19.8,191.0,312.0,121.0,0.0,45.4,961.32
veh25.3,227.0,312.0,85.0,0.0,22.07,708.86
veh9.7,240.0,313.0,73.0,14.0,30.18,569.97
veh25.5,234.0,313.0,79.0,0.0,23.68,708.86
veh14.6,141.0,314.0,173.0,22.0,82.33,1402.11
veh24.2,216.0,316.0,100.0,0.0,24.9,756.07
veh25.6,237.0,316.0,79.0,0.0,22.33,708.86
veh14.7,144.0,317.0,173.0,21.0,88.18,1402.11
veh24.3,219.0,317.0,98.0,0.0,40.78,756.07
veh19.7,188.0,318.0,130.0,0.0,41.89,961.32
veh29,254.0,318.0,64.0,0.0,12.79,846.87
veh24.4,222.0,319.0,97.0,0.0,32.77,756.07
veh25.7,240.0,319.0,79.0,0.0,16.76,708.86
veh14.8,147.0,321.0,174.0,18.0,79.37,1402.11
veh24.5,225.0,321.0,96.0,0.0,38.32,756.07
veh25.8,243.0,321.0,78.0,0.0,18.71,708.86
veh14.9,150.0,323.0,173.0,16.0,91.32,1402.11
veh24.6,228.0,323.0,95.0,0.0,36.21,756.07
veh15.2,138.0,326.0,188.0,88.0,126.14,998.3
veh19.9,194.0,326.0,132.0,0.0,40.78,961.32
veh24.7,231.0,327.0,96.0,0.0,27.94,756.07
veh29.1,255.0,327.0,72.0,0.0,15.76,846.87
veh15.3,141.0,328.0,187.0,85.0,130.14,998.3
veh24.8,234.0,329.0,95.0,0.0,31.61,756.07
veh24.9,237.0,330.0,93.0,0.0,39.23,756.07
veh29.2,256.0,331.0,75.0,0.0,27.3,846.87
veh15.4,144.0,333.0,189.0,80.0,125.22,998.3
veh29.4,258.0,336.0,78.0,0.0,23.5,846.87
veh6,53.0,339.0,286.0,160.0,209.42,1076.27
veh29.3,257.0,342.0,85.0,1.0,29.26,846.87
veh30,263.0,346.0,83.0,0.0,24.63,1047.8
veh11,97.0,348.0,251.0,63.0,133.63,1924.38
veh15.5,148.0,348.0,200.0,78.0,120.22,998.3
veh29.5,259.0,348.0,89.0,0.0,30.6,846.87
veh15.6,153.0,350.0,197.0,73.0,137.41,998.3
veh22,193.0,350.0,157.0,17.0,61.66,1491.36
veh28,245.0,350.0,105.0,30.0,44.98,1035.6
veh30.1,266.0,351.0,85.0,0.0,22.45,1047.8
veh15.7,157.0,352.0,195.0,67.0,129.58,998.3
veh29.6,260.0,352.0,92.0,0.0,37.02,846.87
veh11.1,100.0,353.0,253.0,62.0,128.4,1924.38
veh22.1,194.0,354.0,160.0,16.0,60.64,1491.36
veh11.2,103.0,355.0,252.0,58.0,147.38,1924.38
veh28.1,248.0,355.0,107.0,26.0,45.73,1035.6
veh29.7,261.0,356.0,95.0,2.0,52.7,846.87
veh30.2,269.0,356.0,87.0,0.0,15.59,1047.8
veh30.3,272.0,358.0,86.0,0.0,23.59,1047.8
veh10.1,107.0,359.0,252.0,145.0,181.15,936.29
veh11.3,106.0,359.0,253.0,54.0,130.66,1924.38
veh22.2,195.0,359.0,164.0,17.0,59.65,1491.36
veh15.8,187.0,362.0,175.0,48.0,111.21,998.3
veh28.2,252.0,362.0,110.0,19.0,41.65,1035.6
veh29.8,262.0,362.0,100.0,1.0,44.98,846.87
veh30.4,275.0,363.0,88.0,0.0,18.18,1047.8
veh30.5,278.0,365.0,87.0,0.0,36.11,1047.8
veh30.6,281.0,368.0,87.0,0.0,24.33,1047.8
veh29.9,263.0,369.0,106.0,0.0,44.72,846.87
veh28.4,262.0,370.0,108.0,8.0,45.76,1035.6
veh28.5,266.0,371.0,105.0,6.0,59.21,1035.6
veh30.7,284.0,371.0,87.0,0.0,24.07,1047.8
veh36,315.0,372.0,57.0,0.0,12.45,515.72
veh28.6,269.0,373.0,104.0,7.0,45.02,1035.6
veh30.8,287.0,374.0,87.0,0.0,24.96,1047.8
veh30.9,290.0,376.0,86.0,0.0,30.13,1047.8
veh28.9,288.0,377.0,89.0,0.0,36.4,1035.6
veh28.3,255.0,378.0,123.0,17.0,38.84,1035.6
veh36.1,318.0,378.0,60.0,0.0,12.24,515.72
veh28.7,272.0,380.0,108.0,6.0,36.08,1035.6
veh36.2,321.0,380.0,59.0,0.0,20.51,515.72
veh15.9,191.0,384.0,193.0,72.0,130.99,998.3
veh6.1,60.0,387.0,327.0,190.0,262.29,1076.27
veh28.8,284.0,387.0,103.0,0.0,24.18,1035.6
veh36.3,324.0,387.0,63.0,0.0,12.98,515.72
veh22.4,198.0,388.0,190.0,27.0,89.21,1491.36
veh9.8,270.0,389.0,119.0,31.0,76.43,569.97
veh11.4,109.0,389.0,280.0,76.0,161.25,1924.38
veh36.4,327.0,389.0,62.0,0.0,23.44,515.72
veh9.9,274.0,391.0,117.0,30.0,71.64,569.97
veh11.5,112.0,392.0,280.0,66.0,165.32,1924.38
veh36.5,330.0,392.0,62.0,0.0,17.94,515.72
veh11.6,115.0,395.0,280.0,66.0,160.7,1924.38
veh36.6,333.0,395.0,62.0,0.0,15.55,515.72
veh22.3,196.0,397.0,201.0,32.0,75.94,1491.36
veh27,237.0,397.0,160.0,0.0,28.64,1616.69
veh22.6,202.0,398.0,196.0,29.0,97.68,1491.36
veh36.7,336.0,398.0,62.0,0.0,23.4,515.72
veh11.7,118.0,399.0,281.0,78.0,164.04,1924.38
veh27.1,238.0,400.0,162.0,0.0,33.0,1616.69
veh11.8,121.0,401.0,280.0,73.0,162.19,1924.38
veh32,280.0,401.0,121.0,1.0,33.25,1616.55
veh36.8,339.0,401.0,62.0,0.0,21.27,515.72
veh22.5,200.0,402.0,202.0,25.0,82.27,1491.36
veh27.2,239.0,403.0,164.0,0.0,39.08,1616.69
veh22.8,207.0,404.0,197.0,19.0,86.32,1491.36
veh32.1,281.0,404.0,123.0,0.0,38.21,1616.55
veh27.3,241.0,405.0,164.0,0.0,38.23,1616.69
veh33,289.0,405.0,116.0,0.0,21.05,1649.09
veh32.2,282.0,407.0,125.0,0.0,34.68,1616.55
veh33.1,292.0,407.0,115.0,0.0,24.62,1649.09
veh36.9,342.0,407.0,65.0,0.0,12.41,515.72
veh22.7,204.0,408.0,204.0,23.0,77.51,1491.36
veh27.4,243.0,408.0,165.0,0.0,34.01,1616.69
veh11.9,124.0,409.0,285.0,73.0,150.85,1924.38
veh22.9,210.0,411.0,201.0,17.0,81.7,1491.36
veh27.5,245.0,411.0,166.0,0.0,42.76,1616.69
veh27.6,247.0,412.0,165.0,0.0,53.81,1616.69
veh33.2,295.0,412.0,117.0,0.0,21.1,1649.09
veh32.3,283.0,414.0,131.0,0.0,32.37,1616.55
veh27.7,249.0,415.0,166.0,0.0,52.29,1616.69
veh32.4,285.0,416.0,131.0,0.0,45.03,1616.55
veh33.3,298.0,417.0,119.0,0.0,21.71,1649.09
veh33.4,301.0,419.0,118.0,0.0,28.46,1649.09
veh27.8,253.0,422.0,169.0,0.0,32.96,1616.69
veh33.5,304.0,423.0,119.0,0.0,23.66,1649.09
veh33.6,307.0,426.0,119.0,0.0,25.11,1649.09
veh33.7,310.0,429.0,119.0,0.0,27.85,1649.09
veh26,228.0,434.0,206.0,108.0,152.5,667.76
veh26.1,231.0,436.0,205.0,104.0,159.98,667.76
veh44,385.0,436.0,51.0,0.0,10.03,560.52
veh33.8,313.0,439.0,126.0,0.0,22.47,1649.09
veh34,298.0,439.0,141.0,0.0,48.08,2074.82
veh33.9,316.0,441.0,125.0,0.0,38.75,1649.09
veh35,307.0,441.0,134.0,10.0,45.8,1480.53
veh34.1,301.0,443.0,142.0,0.0,44.62,2074.82
veh26.2,234.0,444.0,210.0,99.0,152.91,667.76
veh34.2,304.0,445.0,141.0,0.0,54.79,2074.82
veh35.1,310.0,445.0,135.0,6.0,42.31,1480.53
veh26.3,237.0,447.0,210.0,93.0,155.32,667.76
veh34.3,307.0,447.0,140.0,0.0,50.44,2074.82
veh35.2,313.0,447.0,134.0,5.0,51.93,1480.53
veh44.1,389.0,448.0,59.0,0.0,10.08,560.52
veh35.3,316.0,449.0,133.0,3.0,56.24,1480.53
veh27.9,255.0,450.0,195.0,11.0,49.8,1616.69
veh44.2,394.0,450.0,56.0,0.0,16.78,560.52
veh34.4,310.0,451.0,141.0,0.0,49.01,2074.82
veh35.4,319.0,452.0,133.0,0.0,50.9,1480.53
veh26.4,240.0,453.0,213.0,92.0,164.02,667.76
veh44.3,398.0,453.0,55.0,0.0,18.42,560.52
veh31,272.0,455.0,183.0,6.0,46.17,1393.26
veh35.5,322.0,455.0,133.0,0.0,52.4,1480.53
veh35.6,325.0,457.0,132.0,0.0,55.8,1480.53
veh44.4,403.0,457.0,54.0,0.0,19.17,560.52
veh41,359.0,458.0,99.0,0.0,17.65,1087.69
veh41.1,364.0,459.0,95.0,0.0,34.92,1087.69
veh31.1,275.0,460.0,185.0,4.0,58.59,1393.26
veh34.5,313.0,460.0,147.0,0.0,40.66,2074.82
veh35.7,328.0,461.0,133.0,0.0,48.42,1480.53
veh39,342.0,461.0,119.0,2.0,52.15,1057.72
veh41.2,369.0,461.0,92.0,0.0,29.58,1087.69
veh34.6,316.0,462.0,146.0,0.0,58.01,2074.82
veh35.8,331.0,463.0,132.0,0.0,52.22,1480.53
veh41.3,374.0,463.0,89.0,0.0,24.16,1087.69
veh44.5,407.0,463.0,56.0,1.0,20.23,560.52
veh35.9,334.0,465.0,131.0,0.0,56.41,1480.53
veh34.7,319.0,466.0,147.0,1.0,54.53,2074.82
veh34.8,322.0,469.0,147.0,0.0,56.42,2074.82
veh41.4,379.0,469.0,90.0,0.0,20.53,1087.69
veh44.6,410.0,471.0,61.0,0.0,17.31,560.52
veh6.2,65.0,473.0,408.0,246.0,331.27,1076.27
veh44.7,413.0,473.0,60.0,1.0,21.88,560.52
veh23,202.0,474.0,272.0,90.0,141.08,2224.48
veh38,333.0,476.0,143.0,0.0,19.86,1558.3
veh38.1,334.0,478.0,144.0,0.0,28.27,1558.3
veh44.8,416.0,480.0,64.0,0.0,21.89,560.52
veh41.5,385.0,481.0,96.0,0.0,20.13,1087.69
veh23.1,214.0,482.0,268.0,81.0,145.61,2224.48
veh41.6,391.0,483.0,92.0,0.0,34.11,1087.69
veh44.9,421.0,484.0,63.0,0.0,25.06,560.52
veh23.2,219.0,485.0,266.0,75.0,139.75,2224.48
veh32.5,287.0,486.0,199.0,65.0,102.25,1616.55
veh23.3,227.0,488.0,261.0,66.0,129.14,2224.48
veh47,412.0,488.0,76.0,0.0,20.71,796.17
veh31.2,278.0,490.0,212.0,0.0,41.18,1393.26
veh23.4,234.0,491.0,257.0,62.0,121.84,2224.48
veh41.7,396.0,491.0,95.0,0.0,20.39,1087.69
veh47.1,415.0,491.0,76.0,0.0,27.43,796.17
veh34.9,325.0,493.0,168.0,0.0,48.77,2074.82
veh41.8,401.0,493.0,92.0,0.0,27.19,1087.69
veh31.3,281.0,494.0,213.0,0.0,87.99,1393.26
veh32.6,289.0,494.0,205.0,65.0,106.9,1616.55
veh41.9,407.0,494.0,87.0,0.0,25.09,1087.69
veh42,368.0,494.0,126.0,53.0,66.36,987.53
veh23.5,237.0,495.0,258.0,60.0,120.97,2235.72
veh32.7,292.0,495.0,203.0,63.0,120.03,1616.55
veh42.1,369.0,496.0,127.0,52.0,73.19,987.53
veh53,464.0,496.0,32.0,0.0,5.9,316.97
veh37,405.0,498.0,93.0,42.0,57.98,463.84
veh32.8,295.0,499.0,204.0,64.0,114.34,1616.55
veh31.4,287.0,500.0,213.0,0.0,80.58,1393.26
veh42.2,370.0,500.0,130.0,49.0,79.43,987.53
veh23.6,240.0,502.0,262.0,58.0,121.54,2235.72
veh42.3,371.0,502.0,131.0,50.0,78.68,987.53
veh47.2,418.0,502.0,84.0,0.0,20.87,796.17
veh53.1,469.0,502.0,33.0,0.0,7.41,316.97
veh32.9,298.0,503.0,205.0,62.0,102.02,1616.55
veh53.2,474.0,503.0,29.0,0.0,7.71,316.97
veh47.3,421.0,505.0,84.0,0.0,21.77,796.17
veh31.5,290.0,506.0,216.0,1.0,70.16,1393.26
veh53.3,477.0,506.0,29.0,0.0,5.13,316.97
veh37.1,416.0,508.0,92.0,39.0,55.4,463.84
veh47.4,424.0,508.0,84.0,0.0,24.23,796.17
veh42.4,372.0,509.0,137.0,49.0,76.85,987.53
veh31.6,293.0,510.0,217.0,8.0,100.07,1393.26
veh47.5,427.0,510.0,83.0,0.0,31.97,796.17
veh53.4,483.0,512.0,29.0,0.0,5.09,316.97
veh39.1,345.0,513.0,168.0,46.0,79.23,1057.72
veh31.7,296.0,514.0,218.0,29.0,108.64,1393.26
veh39.2,350.0,515.0,165.0,46.0,84.96,1057.72
veh37.2,470.0,517.0,47.0,0.0,11.64,463.84
veh39.3,356.0,517.0,161.0,44.0,89.44,1057.72
veh47.6,430.0,518.0,88.0,0.0,19.04,796.17
veh39.4,361.0,519.0,158.0,43.0,86.24,1057.72
veh37.4,478.0,520.0,42.0,0.0,9.79,463.84
veh38.2,335.0,520.0,185.0,34.0,62.86,1558.3
veh47.7,433.0,520.0,87.0,0.0,33.35,796.17
veh31.8,299.0,521.0,222.0,28.0,87.78,1393.26
veh37.3,474.0,521.0,47.0,0.0,9.91,463.84
veh42.5,373.0,521.0,148.0,56.0,94.55,987.53
veh38.3,337.0,523.0,186.0,33.0,71.22,1558.3
veh39.5,367.0,523.0,156.0,41.0,76.05,1057.72
veh47.8,436.0,524.0,88.0,0.0,31.6,796.17
veh39.6,372.0,525.0,153.0,40.0,83.11,1057.72
veh31.9,302.0,526.0,224.0,27.0,89.89,1393.26
veh38.4,339.0,526.0,187.0,29.0,62.54,1558.3
veh37.6,486.0,527.0,41.0,0.0,9.99,463.84
veh53.5,486.0,527.0,41.0,0.0,6.7,316.97
veh38.5,341.0,529.0,188.0,27.0,62.46,1558.3
veh47.9,441.0,529.0,88.0,0.0,20.6,796.17
veh53.6,494.0,529.0,35.0,0.0,11.71,316.97
veh38.6,342.0,531.0,189.0,26.0,79.44,1558.3
veh39.7,377.0,532.0,155.0,41.0,76.95,1057.72
veh53.7,497.0,532.0,35.0,0.0,12.89,316.97
veh37.5,482.0,533.0,51.0,0.0,8.31,463.84
veh23.8,260.0,535.0,275.0,77.0,151.36,2224.48
veh38.7,344.0,535.0,191.0,17.0,52.6,1558.3
veh39.8,382.0,535.0,153.0,38.0,81.61,1057.72
veh53.8,500.0,535.0,35.0,0.0,11.41,316.97
veh42.6,374.0,536.0,162.0,58.0,114.46,987.53
veh37.7,489.0,537.0,48.0,0.0,8.54,463.84
veh38.8,346.0,537.0,191.0,17.0,90.59,1558.3
veh53.9,503.0,537.0,34.0,0.0,10.16,316.97
veh23.9,267.0,539.0,272.0,69.0,142.11,2224.48
veh38.9,348.0,540.0,192.0,16.0,65.27,1558.3
veh23.7,252.0,546.0,294.0,89.0,158.35,2235.72
veh42.7,376.0,551.0,175.0,71.0,119.18,987.53
veh42.8,378.0,554.0,176.0,67.0,114.9,987.53
veh49,429.0,555.0,126.0,0.0,22.68,1554.58
veh42.9,380.0,556.0,176.0,62.0,117.76,987.53
veh49.1,432.0,558.0,126.0,0.0,36.07,1554.58
veh49.2,435.0,560.0,125.0,0.0,38.79,1554.58
veh48,421.0,561.0,140.0,0.0,22.4,1374.98
veh48.1,424.0,563.0,139.0,0.0,22.93,1374.98
veh49.3,438.0,564.0,126.0,0.0,26.77,1554.58
veh54,473.0,566.0,93.0,0.0,23.61,1037.37
veh54.1,473.0,570.0,97.0,0.0,25.65,1037.37
veh54.2,476.0,571.0,95.0,0.0,24.85,1037.37
veh50,438.0,572.0,134.0,0.0,25.45,1660.06
veh49.4,442.0,573.0,131.0,0.0,25.4,1554.58
veh49.5,445.0,576.0,131.0,0.0,26.99,1554.58
veh48.2,427.0,580.0,153.0,0.0,21.05,1374.98
veh54.3,476.0,580.0,104.0,0.0,20.26,1037.37
veh54.5,479.0,581.0,102.0,0.0,19.38,1037.37
veh48.3,430.0,582.0,152.0,0.0,23.39,1374.98
veh49.6,448.0,583.0,135.0,5.0,37.49,1554.58
veh48.4,433.0,584.0,151.0,0.0,44.53,1374.98
veh48.5,445.0,586.0,141.0,0.0,37.47,1374.98
veh52,455.0,593.0,138.0,0.0,32.72,1601.24
veh52.1,456.0,596.0,140.0,0.0,31.72,1601.24
veh52.2,457.0,598.0,141.0,0.0,37.94,1601.24
veh55,482.0,601.0,119.0,3.0,23.68,1185.89
veh55.1,485.0,602.0,117.0,3.0,33.1,1180.76
veh55.2,488.0,604.0,116.0,3.0,31.39,1180.76
veh55.3,491.0,606.0,115.0,1.0,34.38,1180.76
veh46,403.0,607.0,204.0,40.0,89.36,1773.0
veh55.4,494.0,607.0,113.0,1.0,30.73,1180.76
veh58,508.0,607.0,99.0,0.0,27.05,1122.39
veh55.5,497.0,609.0,112.0,1.0,30.59,1185.89
veh46.1,406.0,610.0,204.0,41.0,88.93,1773.0
veh54.6,482.0,610.0,128.0,21.0,53.89,1037.37
veh54.9,485.0,611.0,126.0,20.0,57.38,1037.37
veh54.4,479.0,613.0,134.0,20.0,50.85,1037.37
veh54.7,482.0,615.0,133.0,20.0,60.7,1037.37
veh65,569.0,615.0,46.0,3.0,19.28,425.72
veh49.7,451.0,616.0,165.0,15.0,45.53,1554.58
veh49.8,454.0,618.0,164.0,13.0,63.25,1554.58
veh65.1,572.0,618.0,46.0,2.0,18.01,425.72
veh54.8,485.0,619.0,134.0,18.0,59.87,1037.37
veh65.2,575.0,619.0,44.0,0.0,20.27,425.72
veh49.9,457.0,621.0,164.0,11.0,52.49,1554.58
veh45,394.0,623.0,229.0,28.0,104.67,1898.54
veh45.1,395.0,624.0,229.0,25.0,108.25,1898.54
veh45.2,396.0,626.0,230.0,26.0,109.49,1898.54
veh50.1,441.0,627.0,186.0,40.0,75.88,1660.06
veh45.4,400.0,629.0,229.0,25.0,113.84,1898.54
veh50.2,444.0,629.0,185.0,37.0,75.69,1660.06
veh45.5,402.0,631.0,229.0,20.0,113.56,1898.54
veh50.3,447.0,632.0,185.0,27.0,67.47,1660.06
veh45.3,398.0,633.0,235.0,21.0,97.95,1898.54
veh45.7,407.0,633.0,226.0,18.0,127.81,1898.54
veh45.8,410.0,634.0,224.0,15.0,132.68,1898.54
veh65.3,578.0,634.0,56.0,8.0,28.6,425.72
veh50.4,450.0,635.0,185.0,22.0,69.74,1660.06
veh52.3,458.0,635.0,177.0,0.0,31.95,1601.24
veh65.4,581.0,636.0,55.0,7.0,28.53,425.72
veh45.6,404.0,637.0,233.0,19.0,107.22,1898.54
veh50.5,453.0,637.0,184.0,21.0,70.21,1660.06
veh62,543.0,637.0,94.0,0.0,13.46,849.79
veh62.1,546.0,639.0,93.0,2.0,23.95,849.79
veh50.6,456.0,641.0,185.0,9.0,56.23,1660.06
veh62.2,549.0,641.0,92.0,0.0,25.29,849.79
veh50.7,459.0,643.0,184.0,8.0,63.31,1660.06
veh62.3,552.0,643.0,91.0,0.0,16.56,849.79
veh52.4,460.0,644.0,184.0,21.0,72.98,1601.24
veh65.5,587.0,644.0,57.0,6.0,32.56,425.72
veh62.4,555.0,645.0,90.0,0.0,21.6,849.79
veh50.8,462.0,646.0,184.0,7.0,73.53,1660.06
veh65.6,590.0,646.0,56.0,5.0,29.14,425.72
veh50.9,465.0,648.0,183.0,5.0,74.46,1660.06
veh62.5,558.0,648.0,90.0,0.0,16.57,849.79
veh43.6,452.0,651.0,199.0,21.0,77.98,1737.22
veh65.7,593.0,651.0,58.0,5.0,27.49,425.72
veh43.7,458.0,653.0,195.0,35.0,72.47,1737.22
veh45.9,413.0,653.0,240.0,5.0,94.2,1898.54
veh65.8,596.0,653.0,57.0,3.0,33.55,425.72
veh55.6,500.0,654.0,154.0,32.0,73.61,1180.76
veh65.9,599.0,654.0,55.0,4.0,28.73,425.72
veh52.5,462.0,655.0,193.0,18.0,60.49,1601.24
veh55.7,503.0,656.0,153.0,29.0,68.93,1191.08
veh52.6,464.0,658.0,194.0,18.0,88.27,1601.24
veh55.8,506.0,658.0,152.0,27.0,84.09,1180.76
veh52.7,467.0,659.0,192.0,18.0,92.88,1601.24
veh58.1,511.0,659.0,148.0,27.0,66.35,1122.39
veh55.9,509.0,660.0,151.0,26.0,69.8,1180.76
veh58.2,525.0,661.0,136.0,25.0,63.46,1122.39
veh62.6,573.0,661.0,88.0,0.0,9.77,849.79
veh52.8,471.0,662.0,191.0,16.0,74.93,1601.24
veh48.6,452.0,664.0,212.0,40.0,68.57,1374.98
veh64,560.0,664.0,104.0,0.0,19.75,1069.65
veh52.9,473.0,666.0,193.0,15.0,59.34,1601.24
veh59,516.0,666.0,150.0,0.0,33.98,1855.45
veh62.7,576.0,666.0,90.0,0.0,10.34,849.79
veh64.1,563.0,667.0,104.0,0.0,15.76,1069.65
veh62.8,579.0,668.0,89.0,0.0,19.13,849.79
veh66,578.0,677.0,99.0,0.0,20.38,1107.06
veh43.5,446.0,679.0,233.0,45.0,97.17,1409.96
veh64.2,566.0,680.0,114.0,0.0,16.34,1069.65
veh66.1,584.0,681.0,97.0,0.0,25.66,1107.06
veh39.9,387.0,682.0,295.0,158.0,208.24,1057.72
veh66.2,587.0,682.0,95.0,0.0,22.0,1107.06
veh62.9,582.0,683.0,101.0,10.0,30.61,849.79
veh63,551.0,683.0,132.0,38.0,62.13,1297.17
veh64.3,569.0,683.0,114.0,0.0,17.48,1069.65
veh64.4,572.0,685.0,113.0,0.0,20.29,1069.65
veh66.3,590.0,686.0,96.0,0.0,21.68,1107.06
veh46.2,409.0,687.0,278.0,68.0,120.39,1773.0
veh64.7,581.0,687.0,106.0,0.0,22.09,1069.65
veh46.3,412.0,689.0,277.0,66.0,162.92,1773.0
veh48.7,455.0,690.0,235.0,54.0,85.8,1374.98
veh64.5,575.0,690.0,115.0,0.0,21.2,1069.65
veh43.8,463.0,692.0,229.0,57.0,123.62,1409.96
veh48.8,462.0,692.0,230.0,54.0,127.41,1374.98
veh46.4,415.0,693.0,278.0,63.0,140.63,1773.0
veh59.1,519.0,693.0,174.0,0.0,34.47,1830.94
veh64.6,578.0,693.0,115.0,0.0,19.69,1069.65
veh46.5,418.0,694.0,276.0,61.0,159.84,1773.0
veh48.9,465.0,694.0,229.0,56.0,103.88,1374.98
veh64.8,584.0,695.0,111.0,0.0,27.07,1069.65
veh46.6,421.0,696.0,275.0,59.0,172.33,1773.0
veh64.9,587.0,696.0,109.0,0.0,31.67,1069.65
veh59.3,525.0,697.0,172.0,0.0,65.64,1855.45
veh59.4,528.0,699.0,171.0,0.0,52.49,1855.45
veh46.7,424.0,700.0,276.0,57.0,145.7,1773.0
veh68,595.0,701.0,106.0,4.0,27.54,1152.33
veh46.8,427.0,702.0,275.0,56.0,139.6,1773.0
veh59.5,531.0,704.0,173.0,0.0,47.5,1855.45
veh46.9,430.0,705.0,275.0,52.0,144.07,1773.0
veh60,525.0,705.0,180.0,37.0,85.55,1410.86
veh61,534.0,705.0,171.0,0.0,63.7,1655.03
veh68.1,598.0,707.0,109.0,0.0,18.21,1152.33
veh63.1,554.0,708.0,154.0,41.0,76.21,1349.35
veh56,490.0,709.0,219.0,6.0,70.72,2114.76
veh58.3,529.0,709.0,180.0,62.0,109.47,1122.39
veh59.6,534.0,711.0,177.0,2.0,55.08,1855.45
veh58.4,532.0,712.0,180.0,61.0,104.82,1122.39
veh59.8,540.0,713.0,173.0,0.0,67.86,1855.45
veh63.2,557.0,713.0,156.0,39.0,77.08,1349.35
veh63.3,560.0,714.0,154.0,37.0,80.02,1349.35
veh56.1,493.0,715.0,222.0,4.0,77.68,2114.76
veh58.5,535.0,715.0,180.0,58.0,106.75,1122.39
veh58.6,538.0,716.0,178.0,57.0,115.61,1122.39
veh68.2,601.0,716.0,115.0,0.0,19.51,1152.33
veh56.2,496.0,718.0,222.0,4.0,83.6,2114.76
veh58.7,541.0,721.0,180.0,65.0,103.88,1122.39
veh60.1,529.0,721.0,192.0,46.0,98.02,1410.86
veh63.4,563.0,721.0,158.0,36.0,72.53,1349.35
veh66.4,593.0,722.0,129.0,28.0,52.76,1107.06
veh68.4,607.0,723.0,116.0,2.0,32.88,1152.33
veh58.8,544.0,724.0,180.0,61.0,103.73,1122.39
veh69,604.0,726.0,122.0,6.0,25.02,1184.21
veh58.9,547.0,727.0,180.0,51.0,98.0,1122.39
veh60.2,532.0,728.0,196.0,37.0,82.28,1410.86
veh68.3,604.0,728.0,124.0,0.0,21.69,1152.33
veh60.3,535.0,729.0,194.0,33.0,97.29,1410.86
veh59.9,543.0,732.0,189.0,6.0,62.7,1855.45
veh60.4,538.0,732.0,194.0,30.0,91.42,1410.86
veh56.3,499.0,733.0,234.0,13.0,67.99,2114.76
veh60.5,541.0,734.0,193.0,28.0,104.55,1410.86
veh59.2,522.0,735.0,213.0,24.0,83.18,1830.94
veh8,70.0,736.0,666.0,527.0,601.1,815.38
veh56.4,502.0,737.0,235.0,10.0,83.73,2114.76
veh8.1,71.0,738.0,667.0,526.0,605.39,764.73
veh59.7,537.0,738.0,201.0,14.0,73.95,1830.94
veh60.6,544.0,738.0,194.0,23.0,83.34,1410.86
veh69.1,607.0,738.0,131.0,3.0,23.51,1184.21
veh66.5,596.0,739.0,143.0,27.0,53.95,1107.06
veh8.2,122.0,740.0,618.0,476.0,552.88,815.38
veh69.2,610.0,740.0,130.0,2.0,34.87,1184.21
veh73,639.0,740.0,101.0,0.0,14.69,1390.45
veh60.7,547.0,741.0,194.0,20.0,84.3,1410.86
veh56.5,505.0,742.0,237.0,7.0,67.28,2114.76
veh60.8,588.0,742.0,154.0,0.0,78.33,1410.86
veh69.3,613.0,743.0,130.0,1.0,35.63,1184.21
veh37.8,510.0,745.0,235.0,178.0,200.58,463.84
veh61.1,537.0,745.0,208.0,33.0,85.74,1655.03
veh69.4,616.0,745.0,129.0,0.0,43.45,1184.21
veh8.3,137.0,746.0,609.0,468.0,544.27,815.38
veh56.6,508.0,747.0,239.0,7.0,85.26,2114.76
veh56.7,511.0,749.0,238.0,6.0,108.37,2114.76
veh8.4,141.0,750.0,609.0,464.0,536.27,815.38
veh61.2,540.0,751.0,211.0,31.0,83.58,1655.03
veh56.8,514.0,752.0,238.0,5.0,113.61,2114.76
veh61.3,543.0,752.0,209.0,31.0,91.5,1655.03
veh69.5,619.0,752.0,133.0,16.0,42.8,1184.21
veh43.9,484.0,753.0,269.0,93.0,150.12,1409.96
veh61.4,546.0,754.0,208.0,31.0,96.14,1655.03
veh37.9,513.0,755.0,242.0,178.0,199.16,463.84
veh56.9,517.0,755.0,238.0,4.0,108.91,2114.76
veh75,656.0,755.0,99.0,0.0,22.17,1258.93
veh61.5,549.0,756.0,207.0,29.0,88.59,1655.03
veh73.1,640.0,757.0,117.0,0.0,16.9,1390.45
veh61.6,552.0,758.0,206.0,29.0,90.46,1655.03
veh75.1,659.0,758.0,99.0,0.0,27.37,1258.93
veh73.2,641.0,760.0,119.0,0.0,21.18,1390.45
veh73.3,643.0,762.0,119.0,0.0,30.77,1390.45
veh75.2,662.0,764.0,102.0,0.0,24.97,1258.93
veh75.3,665.0,766.0,101.0,0.0,33.86,1258.93
veh61.7,555.0,770.0,215.0,42.0,92.42,1655.03
veh67,596.0,770.0,174.0,46.0,110.78,1203.26
veh61.8,558.0,773.0,215.0,40.0,94.68,1655.03
veh61.9,561.0,776.0,215.0,44.0,97.95,1655.03
veh73.4,644.0,776.0,132.0,14.0,47.59,1390.45
veh8.5,143.0,780.0,637.0,500.0,580.42,815.38
veh73.5,646.0,780.0,134.0,14.0,38.24,1390.45
veh73.6,648.0,782.0,134.0,13.0,56.34,1390.45
veh8.6,146.0,784.0,638.0,492.0,573.75,815.38
veh73.7,650.0,785.0,135.0,12.0,49.7,1390.45
veh8.7,149.0,787.0,638.0,494.0,569.14,802.05
veh43,392.0,787.0,395.0,236.0,292.71,1283.91
veh8.8,152.0,789.0,637.0,491.0,576.91,815.38
veh43.1,398.0,789.0,391.0,231.0,297.19,1283.91
veh73.8,652.0,789.0,137.0,11.0,43.69,1390.45
veh8.9,154.0,791.0,637.0,495.0,578.85,815.38
veh43.2,404.0,792.0,388.0,226.0,293.16,1283.91
veh75.4,685.0,792.0,107.0,0.0,28.96,1258.93
veh70,639.0,793.0,154.0,41.0,81.92,827.47
veh75.5,688.0,793.0,105.0,0.0,40.93,1258.93
veh68.5,610.0,794.0,184.0,61.0,94.82,1152.33
veh70.1,642.0,794.0,152.0,39.0,99.48,827.47
veh66.6,604.0,795.0,191.0,62.0,103.73,1107.06
veh43.3,408.0,796.0,388.0,223.0,278.72,1283.91
veh70.2,645.0,796.0,151.0,39.0,91.11,827.47
veh75.6,691.0,796.0,105.0,0.0,36.77,1258.93
veh68.6,613.0,797.0,184.0,56.0,94.01,1152.33
veh25.4,231.0,798.0,567.0,447.0,517.93,685.06
veh60.9,611.0,798.0,187.0,43.0,94.85,1410.86
veh43.4,413.0,799.0,386.0,220.0,278.28,1283.91
veh66.7,607.0,799.0,192.0,56.0,102.82,1107.06
veh68.8,619.0,799.0,180.0,55.0,96.67,1152.33
veh70.3,648.0,799.0,151.0,38.0,87.57,827.47
veh51,447.0,800.0,353.0,179.0,224.36,1786.15
veh70.4,651.0,801.0,150.0,38.0,89.69,827.47
veh51.1,448.0,803.0,355.0,160.0,213.55,1786.15
veh66.8,610.0,803.0,193.0,62.0,114.7,1107.06
veh70.5,654.0,803.0,149.0,33.0,90.02,827.47
veh68.7,616.0,804.0,188.0,51.0,81.08,1152.33
veh51.2,449.0,806.0,357.0,159.0,215.21,1786.15
veh68.9,622.0,806.0,184.0,50.0,97.95,1152.33
veh70.6,677.0,807.0,130.0,16.0,62.62,827.47
veh51.3,450.0,808.0,358.0,157.0,230.77,1786.15
veh70.7,723.0,809.0,86.0,0.0,23.05,827.47
veh51.4,451.0,810.0,359.0,155.0,246.74,1786.15
veh72,630.0,810.0,180.0,24.0,84.74,1367.09
veh76,665.0,810.0,145.0,52.0,82.25,622.77
veh76.1,668.0,812.0,144.0,51.0,92.29,622.77
veh72.1,633.0,813.0,180.0,32.0,84.06,1367.09
veh51.5,452.0,814.0,362.0,154.0,230.65,1786.15
veh76.2,671.0,814.0,143.0,48.0,93.54,622.77
veh88,770.0,814.0,44.0,0.0,9.13,404.84
veh26.5,243.0,815.0,572.0,440.0,513.15,667.76
veh63.5,566.0,815.0,249.0,119.0,159.52,1349.35
veh63.6,569.0,816.0,247.0,121.0,172.33,1349.35
veh88.1,773.0,816.0,43.0,0.0,16.99,404.84
veh51.6,453.0,817.0,364.0,152.0,235.72,1786.15
veh69.6,622.0,818.0,196.0,59.0,88.94,1184.21
veh76.3,674.0,818.0,144.0,52.0,80.61,622.77
veh88.2,776.0,818.0,42.0,0.0,13.25,404.84
veh51.8,456.0,819.0,363.0,150.0,233.85,1786.15
veh76.4,677.0,820.0,143.0,47.0,87.5,622.77
veh84,735.0,820.0,85.0,0.0,18.46,939.75
veh88.3,779.0,820.0,41.0,0.0,14.96,404.84
veh63.7,572.0,821.0,249.0,111.0,154.47,1349.35
veh69.7,625.0,821.0,196.0,52.0,82.97,1184.21
veh51.9,458.0,822.0,364.0,151.0,229.85,1786.15
veh63.8,575.0,822.0,247.0,108.0,164.42,1349.35
veh69.8,628.0,823.0,195.0,50.0,99.33,1184.21
veh51.7,454.0,824.0,370.0,130.0,242.8,2094.03
veh63.9,578.0,824.0,246.0,110.0,162.46,1349.35
veh69.9,631.0,825.0,194.0,58.0,105.25,1184.21
veh78,683.0,825.0,142.0,23.0,58.86,1369.72
veh76.5,680.0,828.0,148.0,41.0,80.93,622.77
veh76.6,683.0,829.0,146.0,38.0,92.34,622.77
veh84.1,738.0,829.0,91.0,0.0,17.84,939.75
veh75.7,705.0,830.0,125.0,15.0,40.93,1258.93
veh78.1,686.0,830.0,144.0,19.0,57.14,1369.72
veh88.4,782.0,830.0,48.0,0.0,10.6,404.84
veh76.7,686.0,831.0,145.0,36.0,94.84,622.77
veh88.5,785.0,832.0,47.0,0.0,15.7,404.84
veh78.2,689.0,834.0,145.0,17.0,51.32,1369.72
veh88.6,788.0,834.0,46.0,0.0,16.7,404.84
veh78.3,692.0,836.0,144.0,18.0,61.11,1369.72
veh88.7,791.0,836.0,45.0,0.0,12.56,404.84
veh88.8,794.0,837.0,43.0,0.0,17.28,404.84
veh88.9,797.0,839.0,42.0,0.0,13.22,404.84
veh72.2,636.0,842.0,206.0,54.0,105.19,1367.09
veh10.2,194.0,844.0,650.0,502.0,571.36,936.29
veh72.3,639.0,845.0,206.0,51.0,121.25,1367.09
veh10.4,200.0,846.0,646.0,505.0,572.92,936.29
veh86,753.0,846.0,93.0,0.0,15.95,1256.65
veh6.3,70.0,848.0,778.0,578.0,703.66,1076.27
veh10.3,197.0,848.0,651.0,505.0,575.03,936.29
veh72.4,642.0,850.0,208.0,47.0,103.71,1367.09
veh10.5,203.0,851.0,648.0,498.0,572.41,936.29
veh72.5,645.0,852.0,207.0,45.0,123.46,1367.09
veh6.4,75.0,853.0,778.0,576.0,699.59,1076.27
veh10.6,206.0,854.0,648.0,501.0,573.32,926.89
veh6.6,83.0,855.0,772.0,582.0,703.08,1076.27
veh86.1,754.0,855.0,101.0,0.0,16.89,1256.65
veh10.7,209.0,856.0,647.0,496.0,577.63,936.29
veh6.7,86.0,857.0,771.0,579.0,686.21,1076.27
veh86.2,755.0,857.0,102.0,0.0,26.96,1256.65
veh10.8,212.0,858.0,646.0,499.0,573.28,936.29
veh86.3,759.0,858.0,99.0,0.0,27.68,1256.65
veh6.8,89.0,859.0,770.0,577.0,695.4,1076.27
veh72.6,648.0,859.0,211.0,38.0,94.17,1367.09
veh75.8,721.0,860.0,139.0,25.0,62.55,1258.93
veh86.4,761.0,860.0,99.0,0.0,27.03,1256.65
veh6.9,92.0,861.0,769.0,579.0,689.0,1076.27
veh10.9,215.0,861.0,646.0,499.0,570.67,936.29
veh89,779.0,870.0,91.0,10.0,29.46,906.52
veh82.1,719.0,872.0,153.0,1.0,44.79,1642.94
veh84.2,741.0,872.0,131.0,33.0,68.03,939.75
veh86.5,764.0,873.0,109.0,0.0,18.39,1256.65
veh72.7,651.0,876.0,225.0,52.0,149.31,1367.09
veh70.8,730.0,878.0,148.0,65.0,88.92,827.47
veh82,718.0,878.0,160.0,2.0,35.19,1642.94
veh82.2,721.0,879.0,158.0,0.0,65.69,1642.94
veh91,796.0,879.0,83.0,0.0,10.82,821.74
veh6.5,80.0,880.0,800.0,606.0,716.09,1062.05
veh91.1,797.0,880.0,83.0,0.0,24.8,821.74
veh75.9,724.0,881.0,157.0,33.0,73.17,1258.93
veh82.4,726.0,881.0,155.0,0.0,61.75,1642.94
veh85,744.0,881.0,137.0,18.0,50.57,1362.93
veh91.2,799.0,882.0,83.0,0.0,25.42,821.74
veh89.1,780.0,883.0,103.0,21.0,39.07,906.52
veh86.6,767.0,884.0,117.0,0.0,17.7,1256.65
veh91.3,800.0,884.0,84.0,0.0,28.36,821.74
veh86.7,769.0,886.0,117.0,0.0,35.82,1256.65
veh91.4,802.0,887.0,85.0,0.0,29.87,821.74
veh71,621.0,888.0,267.0,14.0,62.55,2424.2
veh82.3,724.0,888.0,164.0,0.0,35.17,1642.94
veh86.8,772.0,888.0,116.0,0.0,35.74,1256.65
veh82.5,728.0,889.0,161.0,0.0,60.71,1642.94
veh71.1,624.0,890.0,266.0,13.0,87.64,2424.2
veh91.5,804.0,890.0,86.0,0.0,18.19,821.74
veh82.6,730.0,891.0,161.0,3.0,63.21,1642.94
veh86.9,774.0,891.0,117.0,2.0,37.3,1256.65
veh91.6,807.0,893.0,86.0,0.0,23.22,821.74
veh82.7,734.0,894.0,160.0,0.0,63.42,1642.94
veh87,761.0,894.0,133.0,13.0,39.75,1390.91
veh91.7,810.0,894.0,84.0,0.0,25.9,821.74
veh84.3,744.0,895.0,151.0,47.0,91.68,939.75
veh71.2,627.0,896.0,269.0,10.0,63.74,2424.2
veh87.1,765.0,896.0,131.0,9.0,38.28,1390.91
veh82.8,736.0,897.0,161.0,0.0,61.83,1642.94
veh71.5,636.0,898.0,262.0,7.0,85.37,2424.2
veh87.2,770.0,898.0,128.0,6.0,36.98,1390.91
veh91.8,812.0,898.0,86.0,0.0,22.83,821.74
veh82.9,740.0,899.0,159.0,0.0,65.51,1642.94
veh84.4,747.0,899.0,152.0,51.0,89.69,939.75
veh71.6,639.0,900.0,261.0,7.0,78.88,2424.2
veh91.9,814.0,900.0,86.0,0.0,22.58,821.74
veh93,814.0,900.0,86.0,0.0,20.72,1124.8
veh84.5,750.0,901.0,151.0,48.0,96.03,939.75
veh71.7,642.0,903.0,261.0,4.0,75.2,2424.2
veh93.1,817.0,903.0,86.0,0.0,18.35,1124.8
veh25.9,246.0,904.0,658.0,525.0,575.16,676.03
veh87.4,780.0,904.0,124.0,0.0,35.05,1390.91
veh93.2,820.0,905.0,85.0,0.0,23.4,1124.8
veh71.8,645.0,906.0,261.0,3.0,80.58,2424.2
veh87.5,786.0,906.0,120.0,0.0,40.89,1390.91
veh71.3,630.0,907.0,277.0,21.0,123.79,2422.2
veh84.6,753.0,907.0,154.0,44.0,89.42,939.75
veh93.3,823.0,908.0,85.0,0.0,19.29,1124.8
veh71.4,633.0,909.0,276.0,20.0,116.69,2422.2
veh85.1,747.0,909.0,162.0,18.0,50.72,1362.93
veh85.2,750.0,911.0,161.0,17.0,79.86,1362.93
veh90,788.0,911.0,123.0,0.0,29.76,1228.34
veh71.9,648.0,912.0,264.0,5.0,103.29,2422.2
veh90.1,791.0,913.0,122.0,0.0,21.05,1230.34
veh72.8,654.0,915.0,261.0,93.0,157.62,1367.09
veh85.3,753.0,916.0,163.0,18.0,78.55,1362.93
veh90.2,794.0,916.0,122.0,0.0,36.91,1228.34
veh87.3,775.0,918.0,143.0,0.0,21.14,1390.91
veh85.4,756.0,921.0,165.0,18.0,71.8,1362.93
veh90.4,800.0,924.0,124.0,0.0,21.7,1230.34
veh85.5,759.0,926.0,167.0,17.0,74.83,1362.93
veh90.3,797.0,926.0,129.0,2.0,43.94,1228.34
veh84.7,756.0,932.0,176.0,46.0,120.01,939.75
veh84.8,759.0,935.0,176.0,43.0,106.29,939.75
veh93.4,826.0,937.0,111.0,20.0,40.52,1124.8
veh84.9,762.0,939.0,177.0,40.0,101.13,939.75
veh93.5,829.0,942.0,113.0,19.0,37.17,1124.8
veh93.6,832.0,949.0,117.0,14.0,34.77,1124.8
veh93.7,836.0,950.0,114.0,14.0,44.46,1124.8
veh93.8,839.0,952.0,113.0,14.0,47.84,1124.8
veh79,691.0,953.0,262.0,133.0,174.71,931.82
veh93.9,842.0,955.0,113.0,13.0,44.47,1124.8
veh94,823.0,955.0,132.0,35.0,57.27,1002.35
veh79.1,694.0,957.0,263.0,133.0,186.72,931.82
veh94.1,826.0,958.0,132.0,34.0,56.71,1002.35
veh90.5,803.0,961.0,158.0,0.0,23.69,1230.34
veh79.2,697.0,962.0,265.0,130.0,185.11,931.82
veh87.6,792.0,962.0,170.0,42.0,76.95,1390.91
veh87.7,798.0,963.0,165.0,44.0,84.08,1390.91
veh90.6,806.0,963.0,157.0,0.0,42.91,1230.34
veh26.6,246.0,964.0,718.0,580.0,670.2,667.76
veh90.7,809.0,965.0,156.0,0.0,56.43,1230.34
veh26.7,252.0,967.0,715.0,565.0,669.05,667.76
veh87.8,804.0,967.0,163.0,39.0,70.61,1390.91
veh90.8,812.0,967.0,155.0,0.0,47.42,1230.34
veh79.3,700.0,968.0,268.0,123.0,181.18,931.82
veh90.9,815.0,968.0,153.0,0.0,53.46,1230.34
veh87.9,809.0,969.0,160.0,34.0,68.15,1390.91
veh92,805.0,969.0,164.0,0.0,45.4,2119.03
veh26.8,255.0,970.0,715.0,572.0,661.09,667.76
veh79.4,703.0,971.0,268.0,128.0,183.81,931.82
veh26.9,259.0,973.0,714.0,566.0,662.54,667.76
veh79.5,706.0,973.0,267.0,142.0,192.27,931.82
veh73.9,654.0,974.0,320.0,166.0,219.82,1390.45
veh94.2,828.0,974.0,146.0,24.0,46.22,1002.35
veh94.3,832.0,976.0,144.0,23.0,61.14,1002.35
veh79.6,709.0,977.0,268.0,139.0,189.91,931.82
veh94.4,835.0,977.0,142.0,24.0,67.75,1002.35
veh94.5,838.0,979.0,141.0,22.0,76.11,1002.35
veh79.7,712.0,980.0,268.0,138.0,185.75,931.82
veh79.8,715.0,982.0,267.0,134.0,193.84,931.82
veh94.6,841.0,983.0,142.0,21.0,56.66,1002.35
veh79.9,718.0,984.0,266.0,130.0,198.17,931.82
veh94.7,844.0,987.0,143.0,20.0,55.4,1002.35
veh76.8,689.0,988.0,299.0,177.0,244.69,622.77
veh94.8,847.0,989.0,142.0,20.0,69.46,1002.35
veh94.9,850.0,991.0,141.0,18.0,56.57,1002.35
veh97,849.0,995.0,146.0,0.0,24.05,1694.55
veh89.2,781.0,996.0,215.0,124.0,155.52,906.52
veh89.3,782.0,998.0,216.0,111.0,159.21,906.52
veh102,893.0,999.0,106.0,15.0,38.36,845.4
veh89.4,783.0,1001.0,218.0,106.0,163.03,906.52
veh97.1,850.0,1001.0,151.0,0.0,24.78,1694.55
veh102.1,896.0,1002.0,106.0,17.0,47.87,845.4
veh92.1,808.0,1005.0,197.0,0.0,39.15,2119.03
veh97.2,851.0,1005.0,154.0,0.0,42.22,1694.55
veh81,710.0,1007.0,297.0,172.0,208.64,894.44
veh74,648.0,1008.0,360.0,199.0,272.5,1000.29
veh81.1,713.0,1008.0,295.0,172.0,226.77,894.44
veh92.2,811.0,1008.0,197.0,0.0,47.11,2119.03
veh67.1,599.0,1010.0,411.0,283.0,335.42,1203.26
veh97.3,853.0,1010.0,157.0,0.0,31.66,1694.55
veh74.1,651.0,1011.0,360.0,195.0,277.66,1000.29
veh97.4,855.0,1012.0,157.0,0.0,55.0,1694.55
veh70.9,736.0,1015.0,279.0,177.0,224.04,827.47
veh74.2,654.0,1015.0,361.0,189.0,276.9,1000.29
veh97.5,857.0,1016.0,159.0,0.0,45.96,1694.55
veh74.3,657.0,1019.0,362.0,181.0,279.9,1000.29
veh97.6,860.0,1019.0,159.0,0.0,46.05,1694.55
veh98,858.0,1020.0,162.0,55.0,95.01,743.92
veh74.4,660.0,1022.0,362.0,184.0,280.11,1000.29
veh89.5,784.0,1022.0,238.0,128.0,187.86,906.52
veh98.1,861.0,1022.0,161.0,57.0,101.09,743.92
veh85.6,782.0,1023.0,241.0,60.0,152.25,1362.93
veh72.9,658.0,1024.0,366.0,196.0,282.64,1367.09
veh98.2,864.0,1024.0,160.0,54.0,109.2,743.92
veh85.7,786.0,1025.0,239.0,59.0,149.84,1362.93
veh97.7,862.0,1025.0,163.0,1.0,56.35,1694.55
veh67.2,602.0,1026.0,424.0,298.0,350.05,1203.26
veh74.5,663.0,1026.0,363.0,184.0,280.55,1000.29
veh98.3,867.0,1026.0,159.0,53.0,108.16,743.92
veh98.4,870.0,1028.0,158.0,51.0,106.45,743.92
veh74.6,666.0,1029.0,363.0,188.0,287.26,1000.29
veh85.8,796.0,1029.0,233.0,59.0,131.74,1362.93
veh97.8,864.0,1030.0,166.0,0.0,38.25,1694.55
veh98.5,873.0,1031.0,158.0,51.0,103.47,743.92
veh97.9,867.0,1032.0,165.0,0.0,49.98,1694.55
veh89.6,785.0,1033.0,248.0,127.0,179.25,906.52
veh74.7,669.0,1035.0,366.0,182.0,264.19,1000.29
veh102.2,899.0,1035.0,136.0,52.0,79.97,845.4
veh74.8,672.0,1037.0,365.0,187.0,288.12,1000.29
veh76.9,692.0,1038.0,346.0,235.0,304.64,622.77
veh74.9,675.0,1040.0,365.0,185.0,294.26,1000.29
veh111,971.0,1045.0,74.0,0.0,20.34,1275.89
veh102.3,902.0,1046.0,144.0,50.0,74.55,845.4
veh78.4,695.0,1048.0,353.0,236.0,262.86,1369.72
veh95,831.0,1048.0,217.0,0.0,54.14,1818.94
veh81.2,716.0,1050.0,334.0,197.0,242.32,894.44
veh92.3,814.0,1051.0,237.0,30.0,104.08,2119.03
veh81.3,724.0,1052.0,328.0,189.0,259.57,894.44
veh102.4,905.0,1053.0,148.0,46.0,70.45,845.4
veh81.4,730.0,1054.0,324.0,181.0,248.39,894.44
veh111.1,972.0,1054.0,82.0,0.0,20.1,1275.89
veh40,392.0,1055.0,663.0,504.0,580.82,1378.07
veh81.5,745.0,1056.0,311.0,175.0,234.42,894.44
veh102.5,908.0,1056.0,148.0,43.0,86.05,845.4
veh92.4,817.0,1058.0,241.0,24.0,77.83,2119.03
veh111.2,973.0,1058.0,85.0,0.0,22.2,1275.89
veh40.1,727.0,1059.0,332.0,179.0,239.22,1378.07
veh102.6,911.0,1059.0,148.0,39.0,81.6,845.4
veh40.2,730.0,1061.0,331.0,183.0,241.57,1378.07
veh92.5,820.0,1061.0,241.0,23.0,91.25,2119.03
veh102.7,914.0,1062.0,148.0,36.0,79.25,845.4
veh99,866.0,1063.0,197.0,33.0,80.32,1707.52
veh92.7,826.0,1064.0,238.0,21.0,93.56,2119.03
veh99.1,869.0,1064.0,195.0,19.0,65.51,1707.52
veh98.6,876.0,1065.0,189.0,74.0,118.56,743.92
veh102.8,918.0,1065.0,147.0,34.0,74.93,845.4
veh40.3,734.0,1066.0,332.0,171.0,228.52,1378.07
veh111.3,975.0,1066.0,91.0,0.0,19.24,1275.89
veh40.4,742.0,1067.0,325.0,167.0,249.18,1378.07
veh92.8,829.0,1067.0,238.0,21.0,94.28,2119.03
veh102.9,921.0,1068.0,147.0,34.0,75.57,845.4
veh40.5,745.0,1069.0,324.0,167.0,246.99,1378.07
veh111.4,977.0,1069.0,92.0,0.0,22.68,1275.89
veh92.9,832.0,1070.0,238.0,20.0,92.5,2119.03
veh99.2,872.0,1070.0,198.0,12.0,60.98,1707.52
veh111.5,978.0,1071.0,93.0,0.0,33.57,1275.89
veh105,919.0,1072.0,153.0,14.0,53.73,1638.91
veh81.6,748.0,1073.0,325.0,173.0,222.17,894.44
veh116,1015.0,1074.0,59.0,0.0,15.25,496.67
veh81.7,751.0,1075.0,324.0,169.0,244.01,894.44
veh105.1,922.0,1075.0,153.0,15.0,48.76,1638.91
veh40.6,749.0,1076.0,327.0,162.0,237.22,1378.07
veh81.8,754.0,1077.0,323.0,167.0,249.13,894.44
veh116.1,1016.0,1077.0,61.0,0.0,17.14,496.67
veh40.7,753.0,1080.0,327.0,157.0,228.66,1378.07
veh116.2,1017.0,1080.0,63.0,0.0,18.1,496.67
veh103,901.0,1082.0,181.0,20.0,95.68,1714.52
veh116.3,1019.0,1082.0,63.0,0.0,22.26,496.67
veh40.8,757.0,1083.0,326.0,153.0,228.05,1378.07
veh95.1,835.0,1084.0,249.0,21.0,93.77,1818.94
veh99.3,875.0,1084.0,209.0,14.0,62.61,1707.52
veh40.9,760.0,1085.0,325.0,146.0,237.76,1378.07
veh116.4,1021.0,1085.0,64.0,0.0,16.97,496.67
veh103.1,902.0,1088.0,186.0,17.0,72.26,1714.52
veh116.5,1024.0,1088.0,64.0,0.0,19.3,496.67
veh95.2,840.0,1089.0,249.0,5.0,69.0,1818.94
veh99.4,878.0,1089.0,211.0,14.0,74.85,1707.52
veh111.6,980.0,1090.0,110.0,3.0,27.49,1275.89
veh99.6,884.0,1091.0,207.0,12.0,94.09,1707.52
veh103.2,903.0,1091.0,188.0,20.0,103.5,1714.52
veh116.6,1028.0,1091.0,63.0,0.0,15.61,496.67
veh111.7,982.0,1092.0,110.0,2.0,40.53,1275.89
veh116.7,1031.0,1094.0,63.0,0.0,16.0,496.67
veh92.6,823.0,1096.0,273.0,10.0,76.75,2154.34
veh116.8,1033.0,1096.0,63.0,0.0,21.02,496.67
veh81.9,757.0,1098.0,341.0,195.0,263.18,894.44
veh111.8,985.0,1098.0,113.0,2.0,49.05,1275.89
veh121,1059.0,1099.0,40.0,0.0,13.78,535.38
veh99.5,881.0,1100.0,219.0,13.0,89.98,1707.52
veh116.9,1036.0,1100.0,64.0,0.0,14.39,496.67
veh111.9,987.0,1101.0,114.0,2.0,58.98,1275.89
veh99.7,887.0,1104.0,217.0,17.0,96.27,1707.52
veh121.1,1062.0,1104.0,42.0,0.0,10.95,535.38
veh103.3,904.0,1105.0,201.0,13.0,101.81,1714.52
veh107,936.0,1105.0,169.0,0.0,53.09,1901.79
veh103.4,906.0,1107.0,201.0,12.0,100.44,1714.52
veh121.2,1065.0,1108.0,43.0,0.0,9.42,535.38
veh121.3,1068.0,1109.0,41.0,0.0,15.37,535.38
veh107.1,939.0,1110.0,171.0,0.0,47.3,1901.79
veh89.7,786.0,1111.0,325.0,189.0,250.08,906.52
veh103.5,908.0,1111.0,203.0,9.0,110.73,1714.52
veh121.4,1071.0,1111.0,40.0,0.0,8.63,535.38
veh109,954.0,1112.0,158.0,13.0,52.59,1306.21
veh89.8,787.0,1113.0,326.0,183.0,261.48,906.52
veh103.6,911.0,1113.0,202.0,11.0,97.77,1714.52
veh107.2,942.0,1113.0,171.0,0.0,60.36,1926.3
veh89.9,789.0,1115.0,326.0,177.0,265.46,906.52
veh121.5,1074.0,1115.0,41.0,0.0,8.01,535.38
veh103.7,913.0,1116.0,203.0,10.0,121.15,1714.52
veh121.6,1077.0,1117.0,40.0,0.0,16.25,535.38
veh103.8,915.0,1119.0,204.0,5.0,101.23,1714.52
veh103.9,917.0,1122.0,205.0,4.0,106.21,1714.52
veh121.7,1080.0,1124.0,44.0,0.0,8.03,535.38
veh121.8,1083.0,1126.0,43.0,0.0,14.24,535.38
veh121.9,1086.0,1127.0,41.0,0.0,9.83,535.38
veh67.3,605.0,1128.0,523.0,403.0,453.95,1203.26
veh122.1,1067.0,1142.0,75.0,4.0,32.58,1024.47
veh122,1067.0,1146.0,79.0,3.0,33.42,1024.47
veh120,1059.0,1148.0,89.0,0.0,16.98,881.46
veh122.3,1068.0,1149.0,81.0,3.0,37.35,1024.47
veh120.1,1062.0,1150.0,88.0,0.0,37.47,881.46
veh117,1024.0,1151.0,127.0,0.0,61.23,1671.31
veh122.2,1068.0,1151.0,83.0,3.0,41.34,1024.47
veh120.2,1065.0,1152.0,87.0,0.0,29.96,881.46
veh98.7,879.0,1155.0,276.0,157.0,223.27,743.92
veh120.3,1068.0,1156.0,88.0,0.0,29.31,881.46
veh98.8,882.0,1157.0,275.0,156.0,213.22,743.92
veh117.1,1027.0,1157.0,130.0,1.0,50.69,1671.31
veh122.4,1069.0,1158.0,89.0,8.0,39.52,1019.89
veh98.9,885.0,1159.0,274.0,153.0,224.74,743.92
veh120.4,1071.0,1159.0,88.0,0.0,24.33,881.46
veh127,1111.0,1162.0,51.0,0.0,15.74,697.0
veh117.2,1030.0,1164.0,134.0,0.0,48.81,1671.31
veh122.5,1069.0,1166.0,97.0,8.0,43.43,1024.47
veh106.1,931.0,1168.0,237.0,12.0,88.61,1501.66
veh122.6,1070.0,1168.0,98.0,6.0,50.07,1024.47
veh124,1097.0,1168.0,71.0,0.0,15.04,750.2
veh127.1,1114.0,1168.0,54.0,0.0,16.05,697.0
veh127.2,1117.0,1171.0,54.0,0.0,19.68,697.0
veh107.3,945.0,1174.0,229.0,40.0,114.51,1926.3
veh117.3,1033.0,1174.0,141.0,0.0,45.14,1671.31
veh127.3,1120.0,1174.0,54.0,0.0,16.48,697.0
veh107.4,948.0,1176.0,228.0,36.0,124.75,1926.3
veh124.1,1100.0,1177.0,77.0,0.0,16.82,750.2
veh122.7,1070.0,1178.0,108.0,14.0,55.4,1019.89
veh127.4,1123.0,1179.0,56.0,0.0,13.04,697.0
veh117.4,1036.0,1180.0,144.0,1.0,67.56,1671.31
veh124.2,1103.0,1181.0,78.0,0.0,16.98,750.2
veh127.5,1126.0,1181.0,55.0,0.0,17.68,697.0
veh107.5,951.0,1182.0,231.0,31.0,103.56,1901.79
veh117.5,1039.0,1182.0,143.0,0.0,66.08,1671.31
veh122.8,1071.0,1183.0,112.0,13.0,64.44,1024.47
veh107.6,954.0,1184.0,230.0,30.0,111.89,1901.79
veh124.3,1106.0,1185.0,79.0,0.0,16.74,750.2
veh127.6,1129.0,1185.0,56.0,0.0,17.35,697.0
veh117.6,1042.0,1186.0,144.0,4.0,56.39,1671.31
veh122.9,1071.0,1186.0,115.0,11.0,67.09,1024.47
veh127.7,1132.0,1186.0,54.0,0.0,20.17,697.0
veh120.5,1091.0,1188.0,97.0,0.0,38.36,881.46
veh106,928.0,1189.0,261.0,91.0,145.75,1350.28
veh112,980.0,1191.0,211.0,39.0,82.58,1776.29
veh124.4,1111.0,1191.0,80.0,0.0,19.51,750.2
veh127.8,1135.0,1191.0,56.0,0.0,18.02,697.0
veh124.5,1114.0,1194.0,80.0,0.0,22.45,750.2
veh127.9,1138.0,1195.0,57.0,0.0,20.7,697.0
veh120.6,1094.0,1197.0,103.0,0.0,40.03,881.46
veh117.7,1045.0,1198.0,153.0,1.0,58.92,1671.31
veh124.6,1119.0,1200.0,81.0,0.0,17.76,750.2
veh117.8,1048.0,1201.0,153.0,2.0,71.63,1671.31
veh112.1,981.0,1202.0,221.0,30.0,86.27,1776.29
veh120.7,1097.0,1202.0,105.0,1.0,39.57,881.46
veh124.7,1125.0,1204.0,79.0,0.0,31.85,750.2
veh112.2,982.0,1206.0,224.0,29.0,88.21,1776.29
veh124.8,1128.0,1206.0,78.0,0.0,28.48,750.2
veh117.9,1051.0,1208.0,157.0,5.0,70.82,1671.31
veh67.4,608.0,1209.0,601.0,469.0,526.01,1203.26
veh120.8,1100.0,1210.0,110.0,0.0,48.8,881.46
veh124.9,1133.0,1213.0,80.0,0.0,23.18,750.2
veh107.7,957.0,1214.0,257.0,49.0,141.59,1926.3
veh107.8,960.0,1216.0,256.0,45.0,158.59,1926.3
veh112.3,983.0,1216.0,233.0,21.0,78.3,1776.29
veh120.9,1103.0,1216.0,113.0,0.0,58.72,881.46
veh129,1129.0,1216.0,87.0,0.0,10.7,728.14
veh112.4,985.0,1218.0,233.0,18.0,117.0,1776.29
veh129.1,1132.0,1218.0,86.0,0.0,20.51,728.14
veh108,945.0,1220.0,275.0,123.0,200.07,984.36
veh129.2,1135.0,1220.0,85.0,0.0,13.91,728.14
veh109.1,960.0,1221.0,261.0,82.0,125.85,1306.21
veh108.1,949.0,1222.0,273.0,124.0,204.06,984.36
veh129.3,1138.0,1222.0,84.0,0.0,28.81,728.14
veh108.6,1004.0,1224.0,220.0,64.0,148.26,984.36
veh105.2,925.0,1225.0,300.0,168.0,191.96,1638.91
veh129.4,1141.0,1225.0,84.0,0.0,17.12,728.14
veh108.8,1017.0,1226.0,209.0,56.0,126.11,984.36
veh112.5,988.0,1226.0,238.0,15.0,94.23,1776.29
veh129.5,1144.0,1227.0,83.0,0.0,23.82,728.14
veh108.9,1022.0,1228.0,206.0,53.0,123.11,984.36
veh112.6,991.0,1228.0,237.0,12.0,115.31,1776.29
veh129.6,1147.0,1229.0,82.0,0.0,22.63,728.14
veh105.3,928.0,1230.0,302.0,163.0,189.22,1638.91
veh114,997.0,1231.0,234.0,0.0,71.24,1961.6
veh112.7,993.0,1233.0,240.0,9.0,109.77,1776.29
veh114.1,1000.0,1233.0,233.0,3.0,93.38,1961.6
veh105.4,931.0,1234.0,303.0,161.0,188.35,1638.91
veh133,1164.0,1235.0,71.0,0.0,16.24,729.48
veh95.3,845.0,1236.0,391.0,76.0,189.66,1818.94
veh129.7,1150.0,1236.0,86.0,0.0,9.99,728.14
veh105.7,940.0,1237.0,297.0,152.0,205.68,1638.91
veh107.9,963.0,1238.0,275.0,60.0,159.31,1926.3
veh129.8,1153.0,1238.0,85.0,0.0,21.96,728.14
veh95.4,851.0,1240.0,389.0,75.0,208.14,1818.94
veh114.2,1003.0,1240.0,237.0,1.0,72.59,1961.6
veh129.9,1156.0,1240.0,84.0,0.0,15.93,728.14
veh133.1,1167.0,1241.0,74.0,0.0,15.22,729.48
veh108.2,953.0,1242.0,289.0,140.0,207.33,959.85
veh114.3,1006.0,1242.0,236.0,1.0,94.28,1961.6
veh95.5,857.0,1244.0,387.0,69.0,212.43,1818.94
veh108.3,958.0,1247.0,289.0,119.0,183.8,959.85
veh114.4,1009.0,1247.0,238.0,1.0,81.77,1961.6
veh113.4,1004.0,1248.0,244.0,11.0,69.22,1294.71
veh108.4,964.0,1249.0,285.0,114.0,194.09,959.85
veh133.2,1172.0,1249.0,77.0,0.0,15.07,729.48
veh105.5,934.0,1250.0,316.0,155.0,184.33,1638.91
veh108.5,970.0,1251.0,281.0,113.0,191.41,959.85
veh133.3,1176.0,1251.0,75.0,0.0,19.88,729.48
veh105.6,937.0,1252.0,315.0,154.0,220.26,1638.91
veh105.8,943.0,1253.0,310.0,155.0,209.97,1638.91
veh108.7,1010.0,1253.0,243.0,86.0,159.38,959.85
veh133.4,1181.0,1253.0,72.0,0.0,23.87,729.48
veh105.9,946.0,1255.0,309.0,154.0,209.29,1638.91
veh112.8,995.0,1255.0,260.0,20.0,115.74,1776.29
veh99.8,890.0,1256.0,366.0,148.0,244.38,1707.52
veh133.5,1184.0,1256.0,72.0,0.0,19.12,729.48
veh133.6,1187.0,1258.0,71.0,0.0,18.91,729.48
veh112.9,998.0,1267.0,269.0,30.0,138.24,1776.29
veh114.5,1012.0,1268.0,256.0,2.0,68.04,1961.6
veh133.7,1191.0,1268.0,77.0,0.0,14.82,729.48
veh118,1032.0,1269.0,237.0,33.0,122.56,1673.29
veh133.8,1194.0,1269.0,75.0,0.0,20.45,729.48
veh114.6,1015.0,1270.0,255.0,2.0,110.95,1961.6
veh114.7,1018.0,1271.0,253.0,1.0,98.72,1961.6
veh133.9,1197.0,1271.0,74.0,0.0,21.58,729.48
veh114.8,1021.0,1273.0,252.0,0.0,107.33,1961.6
veh114.9,1024.0,1276.0,252.0,6.0,110.43,1961.6
veh123,1076.0,1277.0,201.0,68.0,101.26,1553.51
veh95.6,862.0,1281.0,419.0,98.0,268.38,1818.94
veh106.8,952.0,1281.0,329.0,110.0,191.39,1501.66
veh118.1,1035.0,1286.0,251.0,69.0,131.58,1673.29
veh67.5,611.0,1287.0,676.0,533.0,597.68,1203.26
veh104,910.0,1288.0,378.0,138.0,261.8,1420.86
veh66.9,613.0,1289.0,676.0,528.0,599.81,1107.06
veh109.2,963.0,1292.0,329.0,146.0,198.85,1306.21
veh109.3,967.0,1295.0,328.0,154.0,221.43,1306.21
veh131,1146.0,1295.0,149.0,21.0,68.19,1106.62
veh131.1,1150.0,1297.0,147.0,19.0,65.43,1106.62
veh80,700.0,1298.0,598.0,255.0,423.15,2684.16
veh67.6,614.0,1299.0,685.0,530.0,612.25,1203.26
veh131.2,1153.0,1300.0,147.0,15.0,63.83,1106.62
veh140,1226.0,1302.0,76.0,0.0,15.4,735.08
veh131.5,1163.0,1303.0,140.0,0.0,41.58,1095.38
veh131.3,1157.0,1305.0,148.0,16.0,64.02,1106.62
veh110,963.0,1307.0,344.0,91.0,221.54,2091.09
veh67.8,620.0,1308.0,688.0,517.0,604.15,1203.26
veh131.4,1160.0,1308.0,148.0,14.0,85.69,1106.62
veh83.2,732.0,1309.0,577.0,478.0,511.54,1073.8
veh67.7,617.0,1310.0,693.0,531.0,614.04,1203.26
veh80.1,701.0,1310.0,609.0,242.0,443.72,2684.16
veh118.2,1038.0,1310.0,272.0,77.0,153.18,1673.29
veh131.6,1167.0,1310.0,143.0,4.0,67.92,1106.62
veh132,1159.0,1310.0,151.0,2.0,32.41,1483.04
veh80.2,702.0,1312.0,610.0,247.0,445.64,2684.16
veh67.9,623.0,1313.0,690.0,515.0,616.36,1203.26
veh83.3,735.0,1314.0,579.0,475.0,509.63,1073.8
veh80.4,706.0,1315.0,609.0,232.0,439.31,2684.16
veh77.1,677.0,1317.0,640.0,472.0,523.12,1632.04
veh80.5,708.0,1317.0,609.0,233.0,456.87,2684.16
veh113.1,992.0,1318.0,326.0,151.0,204.86,1180.69
veh77,674.0,1321.0,647.0,479.0,539.14,1632.04
veh78.5,698.0,1321.0,623.0,504.0,534.25,1369.72
veh80.6,709.0,1321.0,612.0,229.0,438.62,2684.16
veh78.6,701.0,1324.0,623.0,500.0,544.57,1369.72
veh104.1,913.0,1324.0,411.0,167.0,292.25,1420.86
veh132.1,1166.0,1325.0,159.0,1.0,30.33,1483.04
veh80.9,716.0,1327.0,611.0,234.0,431.1,2684.16
veh83.4,738.0,1327.0,589.0,476.0,514.62,1073.8
veh113,989.0,1327.0,338.0,150.0,196.63,1180.69
veh78.7,704.0,1328.0,624.0,499.0,532.9,1369.72
veh113.2,995.0,1329.0,334.0,149.0,206.61,1180.69
veh78.8,707.0,1330.0,623.0,498.0,545.88,1369.72
veh83,726.0,1330.0,604.0,479.0,536.41,1073.8
veh77.2,680.0,1331.0,651.0,480.0,541.46,1632.04
veh113.3,998.0,1331.0,333.0,145.0,208.34,1180.69
veh83.1,729.0,1332.0,603.0,474.0,535.36,1073.8
veh138,1207.0,1332.0,125.0,0.0,34.56,1464.87
veh83.5,741.0,1334.0,593.0,481.0,533.15,1073.8
veh99.9,893.0,1334.0,441.0,204.0,316.74,1707.52
veh132.2,1169.0,1335.0,166.0,1.0,30.7,1483.04
veh77.4,686.0,1336.0,650.0,473.0,530.98,1632.04
veh140.1,1229.0,1337.0,108.0,16.0,35.62,735.08
veh77.3,683.0,1339.0,656.0,480.0,544.51,1632.04
veh78.9,710.0,1339.0,629.0,486.0,547.23,1369.72
veh104.2,916.0,1341.0,425.0,177.0,327.61,1420.86
veh140.2,1233.0,1341.0,108.0,12.0,33.85,735.08
veh142,1242.0,1342.0,100.0,3.0,31.37,745.75
veh77.5,689.0,1343.0,654.0,481.0,555.33,1632.04
veh77.9,701.0,1345.0,644.0,483.0,542.87,1632.04
veh140.3,1236.0,1345.0,109.0,11.0,50.82,735.08
veh83.6,744.0,1346.0,602.0,483.0,532.17,1073.8
veh144,1260.0,1346.0,86.0,7.0,22.79,675.92
veh123.1,1079.0,1348.0,269.0,127.0,170.18,1553.51
veh77.6,692.0,1349.0,657.0,485.0,554.82,1632.04
veh83.7,747.0,1349.0,602.0,482.0,531.19,1073.8
veh144.1,1263.0,1349.0,86.0,6.0,32.41,675.92
veh140.4,1239.0,1350.0,111.0,10.0,41.41,735.08
veh83.8,750.0,1351.0,601.0,481.0,533.47,1073.8
veh144.2,1266.0,1353.0,87.0,0.0,16.06,675.92
veh77.7,695.0,1354.0,659.0,480.0,532.31,1632.04
veh96.1,843.0,1354.0,511.0,286.0,408.87,1879.08
veh130,1137.0,1354.0,217.0,33.0,89.64,1592.72
veh140.5,1242.0,1354.0,112.0,13.0,45.68,735.08
veh131.7,1171.0,1355.0,184.0,53.0,91.82,1095.38
veh144.3,1270.0,1355.0,85.0,0.0,15.37,675.92
veh132.3,1178.0,1356.0,178.0,0.0,28.72,1483.04
veh77.8,698.0,1358.0,660.0,485.0,547.77,1632.04
veh132.4,1184.0,1358.0,174.0,0.0,46.57,1483.04
veh144.4,1273.0,1358.0,85.0,0.0,27.99,675.92
veh140.6,1246.0,1359.0,113.0,13.0,47.52,735.08
veh142.1,1244.0,1361.0,117.0,3.0,30.0,745.75
veh144.5,1276.0,1361.0,85.0,0.0,24.58,675.92
veh130.1,1140.0,1363.0,223.0,32.0,82.57,1592.72
veh144.6,1279.0,1363.0,84.0,0.0,25.43,675.92
veh130.2,1143.0,1364.0,221.0,35.0,108.78,1592.72
veh140.7,1249.0,1364.0,115.0,1.0,32.37,735.08
veh149,1304.0,1364.0,60.0,0.0,15.56,800.37
veh142.2,1247.0,1366.0,119.0,1.0,47.14,745.75
veh144.7,1282.0,1366.0,84.0,0.0,29.53,675.92
veh130.3,1146.0,1367.0,221.0,35.0,110.02,1592.72
veh149.1,1307.0,1368.0,61.0,0.0,16.7,800.37
veh140.8,1252.0,1369.0,117.0,4.0,61.94,735.08
veh149.2,1310.0,1370.0,60.0,0.0,21.0,800.37
veh140.9,1255.0,1373.0,118.0,2.0,53.17,735.08
veh149.3,1313.0,1373.0,60.0,0.0,20.03,800.37
veh142.3,1251.0,1376.0,125.0,11.0,42.04,745.75
veh118.3,1047.0,1378.0,331.0,118.0,197.5,1673.29
veh110.1,966.0,1379.0,413.0,133.0,290.74,2091.09
veh149.4,1316.0,1379.0,63.0,0.0,17.74,800.37
veh95.7,869.0,1380.0,511.0,188.0,340.55,1818.94
veh142.4,1254.0,1380.0,126.0,10.0,53.87,745.75
veh110.2,969.0,1381.0,412.0,131.0,298.58,2091.09
veh141,1234.0,1381.0,147.0,36.0,71.68,970.09
veh149.5,1320.0,1381.0,61.0,0.0,18.88,800.37
veh110.4,975.0,1382.0,407.0,116.0,280.95,2091.09
veh95.8,874.0,1384.0,510.0,183.0,342.47,1818.94
veh110.5,978.0,1384.0,406.0,117.0,297.59,2091.09
veh141.1,1237.0,1384.0,147.0,34.0,72.75,970.09
veh149.6,1323.0,1384.0,61.0,0.0,18.26,800.37
veh132.5,1197.0,1385.0,188.0,7.0,60.84,1483.04
veh110.6,981.0,1386.0,405.0,108.0,277.75,2091.09
veh130.4,1149.0,1386.0,237.0,29.0,104.56,1592.72
veh142.5,1257.0,1386.0,129.0,10.0,56.31,745.75
veh148,1295.0,1386.0,91.0,0.0,27.17,1171.84
veh149.7,1326.0,1387.0,61.0,0.0,20.69,800.37
veh95.9,881.0,1388.0,507.0,174.0,325.27,1818.94
veh138.1,1208.0,1388.0,180.0,51.0,95.85,1464.87
veh148.1,1296.0,1388.0,92.0,0.0,31.39,1171.84
veh141.2,1240.0,1391.0,151.0,35.0,66.84,970.09
veh149.8,1329.0,1391.0,62.0,0.0,22.35,800.37
veh148.2,1297.0,1392.0,95.0,0.0,37.45,1171.84
veh110.8,987.0,1394.0,407.0,97.0,273.89,2091.09
veh141.3,1243.0,1394.0,151.0,29.0,66.16,970.09
veh130.5,1152.0,1395.0,243.0,27.0,98.72,1592.72
veh149.9,1332.0,1395.0,63.0,0.0,19.49,800.37
veh110.9,990.0,1396.0,406.0,103.0,280.17,2091.09
veh148.3,1301.0,1396.0,95.0,0.0,36.66,1171.84
veh85.9,801.0,1397.0,596.0,393.0,490.25,1362.93
veh141.4,1246.0,1397.0,151.0,25.0,75.17,970.09
veh130.6,1155.0,1398.0,243.0,26.0,115.1,1592.72
veh138.2,1209.0,1399.0,190.0,41.0,81.82,1464.87
veh141.5,1249.0,1399.0,150.0,26.0,73.08,970.09
veh145.2,1275.0,1399.0,124.0,5.0,39.08,1171.36
veh144.8,1285.0,1400.0,115.0,31.0,59.52,675.92
veh148.4,1303.0,1400.0,97.0,0.0,38.4,1171.84
veh151,1321.0,1400.0,79.0,0.0,24.55,1251.59
veh110.3,972.0,1401.0,429.0,158.0,292.38,2066.58
veh138.3,1211.0,1401.0,190.0,38.0,109.48,1464.87
veh137,1199.0,1402.0,203.0,35.0,76.56,1608.34
veh141.6,1252.0,1402.0,150.0,31.0,74.71,970.09
veh138.4,1213.0,1403.0,190.0,36.0,108.28,1464.87
veh148.5,1307.0,1403.0,96.0,0.0,42.28,1171.84
veh151.1,1324.0,1403.0,79.0,0.0,24.82,1251.59
veh132.6,1207.0,1404.0,197.0,8.0,83.43,1483.04
veh141.7,1255.0,1404.0,149.0,30.0,83.36,970.09
veh138.5,1215.0,1405.0,190.0,34.0,97.82,1464.87
veh144.9,1288.0,1406.0,118.0,19.0,34.93,675.92
veh138.6,1217.0,1407.0,190.0,31.0,107.61,1464.87
veh151.2,1327.0,1407.0,80.0,0.0,18.92,1251.59
veh132.7,1210.0,1408.0,198.0,6.0,83.72,1483.04
veh141.8,1258.0,1408.0,150.0,27.0,81.61,970.09
veh145,1269.0,1408.0,139.0,11.0,43.42,1171.36
veh138.7,1219.0,1409.0,190.0,28.0,109.3,1464.87
veh145.1,1272.0,1409.0,137.0,8.0,65.38,1171.36
veh110.7,984.0,1410.0,426.0,138.0,289.74,2066.58
veh151.3,1330.0,1410.0,80.0,0.0,20.99,1251.59
veh141.9,1261.0,1411.0,150.0,23.0,67.84,970.09
veh125.3,1103.0,1412.0,309.0,37.0,152.13,2034.75
veh138.8,1221.0,1412.0,191.0,24.0,105.41,1464.87
veh151.4,1333.0,1412.0,79.0,0.0,25.86,1251.59
veh139,1216.0,1414.0,198.0,1.0,94.69,1675.6
veh145.3,1278.0,1414.0,136.0,6.0,41.0,1171.36
veh147,1286.0,1414.0,128.0,23.0,54.41,1144.82
veh151.5,1336.0,1415.0,79.0,0.0,27.16,1251.59
veh131.8,1175.0,1416.0,241.0,108.0,165.2,1106.62
veh138.9,1223.0,1416.0,193.0,22.0,106.62,1464.87
veh145.4,1281.0,1416.0,135.0,5.0,54.03,1171.36
veh147.1,1289.0,1416.0,127.0,19.0,57.05,1144.82
veh145.5,1284.0,1417.0,133.0,4.0,67.19,1171.36
veh132.8,1213.0,1418.0,205.0,7.0,73.27,1483.04
veh147.2,1292.0,1418.0,126.0,18.0,58.12,1144.82
veh118.4,1050.0,1420.0,370.0,141.0,223.64,1673.29
veh118.6,1058.0,1421.0,363.0,137.0,254.07,1673.29
veh142.6,1260.0,1421.0,161.0,42.0,86.38,745.75
veh145.6,1287.0,1421.0,134.0,4.0,51.71,1171.36
veh151.6,1339.0,1421.0,82.0,0.0,17.35,1251.59
veh118.5,1053.0,1423.0,370.0,148.0,255.07,1673.29
veh139.1,1219.0,1424.0,205.0,7.0,101.74,1675.6
veh147.3,1295.0,1424.0,129.0,12.0,46.55,1144.82
veh151.7,1342.0,1424.0,82.0,0.0,19.53,1251.59
veh147.4,1298.0,1426.0,128.0,12.0,57.2,1144.82
veh142.7,1263.0,1427.0,164.0,41.0,86.96,745.75
veh83.9,753.0,1428.0,675.0,558.0,611.11,1073.8
veh134.1,1172.0,1428.0,256.0,117.0,152.64,1356.82
veh139.2,1222.0,1428.0,206.0,3.0,94.92,1675.6
veh131.9,1178.0,1430.0,252.0,118.0,182.0,1106.62
veh147.5,1301.0,1430.0,129.0,8.0,43.09,1144.82
veh151.8,1345.0,1430.0,85.0,0.0,17.61,1251.59
veh147.6,1304.0,1432.0,128.0,6.0,54.08,1144.82
veh151.9,1348.0,1432.0,84.0,0.0,24.82,1251.59
veh134,1172.0,1433.0,261.0,116.0,147.98,1367.14
veh132.9,1216.0,1434.0,218.0,5.0,62.86,1483.04
veh147.7,1307.0,1435.0,128.0,3.0,43.08,1144.82
veh126,1102.0,1436.0,334.0,228.0,278.65,814.23
veh142.8,1266.0,1436.0,170.0,39.0,80.77,745.75
veh148.6,1309.0,1436.0,127.0,28.0,55.38,1171.84
veh126.1,1105.0,1437.0,332.0,223.0,276.93,814.23
veh130.7,1158.0,1437.0,279.0,64.0,158.99,1592.72
veh147.8,1310.0,1437.0,127.0,1.0,52.63,1144.82
veh80.3,704.0,1438.0,734.0,328.0,552.57,2659.65
veh139.3,1225.0,1438.0,213.0,8.0,110.76,1675.6
veh137.1,1202.0,1439.0,237.0,60.0,116.1,1608.34
veh148.7,1311.0,1439.0,128.0,26.0,61.96,1171.84
veh142.9,1269.0,1440.0,171.0,36.0,96.24,745.75
veh80.7,711.0,1441.0,730.0,325.0,550.75,2659.65
veh137.2,1205.0,1441.0,236.0,51.0,133.21,1608.34
veh147.9,1315.0,1441.0,126.0,0.0,50.7,1144.82
veh148.8,1314.0,1441.0,127.0,26.0,78.51,1171.84
veh115,1006.0,1442.0,436.0,75.0,244.98,2728.28
veh145.7,1290.0,1442.0,152.0,37.0,72.85,1171.36
veh80.8,714.0,1444.0,730.0,341.0,547.46,2659.65
veh130.8,1161.0,1445.0,284.0,65.0,172.37,1592.72
veh145.8,1293.0,1445.0,152.0,41.0,72.54,1171.36
veh139.4,1228.0,1446.0,218.0,10.0,107.05,1675.6
veh145.9,1296.0,1448.0,152.0,38.0,74.27,1171.36
veh139.5,1231.0,1449.0,218.0,9.0,119.32,1675.6
veh139.6,1234.0,1455.0,221.0,11.0,111.51,1675.6
veh104.3,919.0,1458.0,539.0,280.0,401.49,1420.86
veh130.9,1165.0,1461.0,296.0,63.0,157.44,1592.72
veh139.7,1237.0,1465.0,228.0,8.0,107.44,1675.6
veh115.2,1012.0,1466.0,454.0,114.0,279.74,2752.79
veh139.8,1240.0,1470.0,230.0,4.0,104.27,1675.6
veh150,1312.0,1470.0,158.0,19.0,70.01,1245.74
veh126.2,1108.0,1471.0,363.0,244.0,298.69,814.23
veh113.5,1001.0,1472.0,471.0,258.0,316.32,1180.69
veh125,1094.0,1474.0,380.0,134.0,248.23,2190.51
veh150.1,1315.0,1475.0,160.0,18.0,65.96,1245.74
veh126.3,1111.0,1476.0,365.0,250.0,310.41,814.23
veh126.4,1114.0,1479.0,365.0,249.0,301.54,814.23
veh150.2,1318.0,1482.0,164.0,13.0,68.22,1245.74
veh126.5,1117.0,1483.0,366.0,244.0,304.02,814.23
veh139.9,1243.0,1484.0,241.0,16.0,125.15,1675.6
veh150.3,1321.0,1484.0,163.0,10.0,79.38,1245.74
veh113.6,1004.0,1485.0,481.0,280.0,362.2,1180.69
veh157,1374.0,1485.0,111.0,1.0,25.66,1128.77
veh137.3,1208.0,1487.0,279.0,71.0,153.94,1608.34
veh125.1,1097.0,1488.0,391.0,134.0,262.96,2190.51
veh137.4,1211.0,1490.0,279.0,84.0,163.9,1608.34
veh157.1,1377.0,1492.0,115.0,0.0,18.05,1128.77
veh162,1417.0,1492.0,75.0,0.0,16.9,1039.08
veh123.3,1085.0,1493.0,408.0,244.0,308.28,1553.51
veh150.4,1324.0,1493.0,169.0,9.0,74.58,1245.74
veh154,1347.0,1493.0,146.0,0.0,29.37,1456.76
veh126.6,1120.0,1495.0,375.0,243.0,320.61,814.23
veh123.2,1082.0,1496.0,414.0,256.0,306.95,1553.51
veh150.5,1327.0,1496.0,169.0,8.0,77.39,1245.74
veh154.1,1350.0,1496.0,146.0,0.0,40.94,1456.76
veh123.4,1088.0,1499.0,411.0,232.0,302.0,1553.51
veh126.7,1123.0,1500.0,377.0,243.0,321.23,814.23
veh148.9,1317.0,1502.0,185.0,73.0,128.83,1171.84
veh154.2,1353.0,1502.0,149.0,0.0,30.98,1456.76
veh123.5,1091.0,1503.0,412.0,226.0,306.52,1553.51
veh126.8,1126.0,1504.0,378.0,242.0,315.13,814.23
veh150.6,1330.0,1504.0,174.0,6.0,79.89,1245.74
veh123.6,1094.0,1505.0,411.0,228.0,314.53,1553.51
veh104.4,922.0,1507.0,585.0,303.0,484.49,1420.86
veh123.7,1097.0,1507.0,410.0,227.0,310.69,1553.51
veh154.3,1358.0,1507.0,149.0,0.0,30.87,1456.76
veh126.9,1129.0,1508.0,379.0,239.0,320.67,814.23
veh104.5,925.0,1509.0,584.0,300.0,494.18,1420.86
veh137.5,1214.0,1509.0,295.0,85.0,165.24,1608.34
veh154.4,1361.0,1510.0,149.0,0.0,48.8,1456.76
veh123.8,1100.0,1511.0,411.0,228.0,298.89,1553.51
veh134.3,1175.0,1512.0,337.0,166.0,236.41,1356.82
veh115.4,1019.0,1515.0,496.0,139.0,322.74,2752.79
veh150.7,1333.0,1518.0,185.0,4.0,80.37,1245.74
veh164,1435.0,1518.0,83.0,0.0,28.79,1079.94
veh167,1461.0,1518.0,57.0,0.0,17.46,749.85
veh104.6,928.0,1519.0,591.0,300.0,446.21,1420.86
veh115.5,1022.0,1520.0,498.0,139.0,327.48,2752.79
veh104.7,931.0,1521.0,590.0,302.0,476.31,1420.86
veh106.2,934.0,1522.0,588.0,367.0,471.0,1350.28
veh115.7,1057.0,1522.0,465.0,107.0,303.99,2752.79
veh154.5,1364.0,1522.0,158.0,4.0,69.89,1456.76
veh155,1356.0,1523.0,167.0,0.0,59.78,1143.81
veh104.8,934.0,1524.0,590.0,308.0,486.67,1420.86
veh155.1,1359.0,1525.0,166.0,0.0,63.0,1143.81
veh159,1391.0,1525.0,134.0,48.0,84.36,668.36
veh161,1409.0,1525.0,116.0,0.0,27.84,1094.85
veh115.8,1060.0,1526.0,466.0,99.0,304.54,2752.79
veh159.1,1394.0,1526.0,132.0,47.0,84.46,668.36
veh104.9,937.0,1527.0,590.0,305.0,478.43,1420.86
veh106.3,937.0,1527.0,590.0,369.0,485.84,1350.28
veh155.2,1362.0,1527.0,165.0,0.0,70.19,1143.81
veh113.7,1007.0,1528.0,521.0,318.0,396.16,1180.69
veh118.7,1068.0,1528.0,460.0,212.0,330.3,1673.29
veh150.8,1336.0,1528.0,192.0,0.0,80.69,1245.74
veh154.6,1369.0,1528.0,159.0,5.0,62.61,1456.76
veh155.3,1365.0,1528.0,163.0,0.0,64.78,1143.81
veh118.8,1071.0,1530.0,459.0,207.0,323.46,1673.29
veh125.2,1100.0,1530.0,430.0,162.0,297.08,2190.51
veh150.9,1339.0,1530.0,191.0,0.0,101.21,1245.74
veh155.4,1368.0,1530.0,162.0,0.0,67.73,1143.81
veh115.9,1063.0,1532.0,469.0,105.0,284.65,2752.79
veh154.7,1372.0,1532.0,160.0,5.0,56.14,1456.76
veh155.6,1374.0,1532.0,158.0,8.0,63.48,1143.81
veh128.2,1359.0,1536.0,177.0,18.0,60.4,1655.02
veh154.8,1378.0,1536.0,158.0,2.0,45.46,1456.76
veh159.2,1402.0,1540.0,138.0,48.0,86.28,668.36
veh115.1,1009.0,1541.0,532.0,164.0,327.92,2728.28
veh155.5,1371.0,1541.0,170.0,7.0,76.55,1143.81
veh113.8,1010.0,1543.0,533.0,316.0,389.15,1180.69
veh128.3,1372.0,1543.0,171.0,27.0,65.18,1655.02
veh154.9,1383.0,1544.0,161.0,6.0,61.18,1456.76
veh155.7,1377.0,1544.0,167.0,13.0,73.31,1143.81
veh155.8,1380.0,1546.0,166.0,16.0,77.82,1143.81
veh157.2,1402.0,1547.0,145.0,24.0,69.26,1128.77
veh159.3,1433.0,1547.0,114.0,27.0,55.05,668.36
veh162.1,1420.0,1547.0,127.0,36.0,62.96,1039.08
veh101,884.0,1548.0,664.0,436.0,522.18,1609.5
veh134.4,1178.0,1549.0,371.0,195.0,270.09,1367.14
veh157.3,1405.0,1549.0,144.0,22.0,71.73,1128.77
veh162.2,1423.0,1549.0,126.0,36.0,66.87,1039.08
veh101.1,887.0,1550.0,663.0,438.0,564.17,1609.5
veh162.3,1426.0,1551.0,125.0,35.0,63.06,1039.08
veh101.2,889.0,1552.0,663.0,432.0,557.53,1609.5
veh128.4,1375.0,1552.0,177.0,22.0,61.03,1655.02
veh134.2,1175.0,1552.0,377.0,196.0,268.11,1367.14
veh157.4,1408.0,1552.0,144.0,19.0,64.33,1128.77
veh115.3,1015.0,1554.0,539.0,152.0,321.79,2728.28
veh134.5,1178.0,1555.0,377.0,193.0,294.71,1356.82
veh113.9,1013.0,1558.0,545.0,324.0,411.99,1180.69
veh115.6,1054.0,1558.0,504.0,116.0,313.18,2728.28
veh159.4,1487.0,1558.0,71.0,0.0,27.02,668.36
veh157.5,1411.0,1560.0,149.0,22.0,55.85,1128.77
veh125.4,1106.0,1563.0,457.0,178.0,341.17,2190.51
veh155.9,1383.0,1565.0,182.0,14.0,64.97,1143.81
veh157.6,1414.0,1565.0,151.0,14.0,50.65,1128.77
veh161.1,1411.0,1565.0,154.0,19.0,52.99,1094.85
veh157.7,1417.0,1567.0,150.0,12.0,67.42,1128.77
veh157.8,1420.0,1569.0,149.0,9.0,66.57,1128.77
veh128.5,1378.0,1570.0,192.0,17.0,53.92,1655.02
veh161.2,1415.0,1570.0,155.0,16.0,61.01,1094.85
veh134.6,1181.0,1571.0,390.0,202.0,292.3,1367.14
veh128.6,1382.0,1572.0,190.0,15.0,73.39,1655.02
veh159.6,1494.0,1574.0,80.0,2.0,32.11,668.36
veh157.9,1427.0,1575.0,148.0,10.0,56.28,1128.77
veh159.5,1491.0,1576.0,85.0,3.0,30.94,668.36
veh159.7,1497.0,1576.0,79.0,1.0,33.17,668.36
veh125.5,1109.0,1577.0,468.0,177.0,333.79,2190.51
veh161.3,1418.0,1578.0,160.0,7.0,56.3,1094.85
veh159.8,1500.0,1581.0,81.0,1.0,30.39,668.36
veh161.4,1421.0,1582.0,161.0,20.0,72.45,1094.85
veh125.6,1112.0,1583.0,471.0,179.0,346.89,2190.51
veh159.9,1503.0,1584.0,81.0,1.0,31.0,668.36
veh125.7,1115.0,1586.0,471.0,181.0,353.43,2190.51
veh106.4,940.0,1587.0,647.0,404.0,519.58,1350.28
veh125.8,1118.0,1588.0,470.0,180.0,349.44,2190.51
veh172,1512.0,1588.0,76.0,0.0,27.49,531.54
veh162.4,1429.0,1589.0,160.0,66.0,106.25,1039.08
veh125.9,1121.0,1593.0,472.0,174.0,340.31,2190.51
veh162.5,1432.0,1594.0,162.0,65.0,105.57,1039.08
veh162.6,1435.0,1596.0,161.0,62.0,107.63,1039.08
veh137.6,1223.0,1599.0,376.0,151.0,277.22,1608.34
veh176,1540.0,1599.0,59.0,2.0,15.52,534.08
veh162.7,1438.0,1601.0,163.0,66.0,100.07,1039.08
veh162.8,1441.0,1603.0,162.0,64.0,110.06,1039.08
veh161.5,1424.0,1605.0,181.0,25.0,86.36,1094.85
veh134.7,1181.0,1606.0,425.0,232.0,323.47,1356.82
veh162.9,1444.0,1607.0,163.0,60.0,103.94,1039.08
veh128.7,1389.0,1610.0,221.0,38.0,81.33,1655.02
veh161.6,1427.0,1611.0,184.0,20.0,83.28,1094.85
veh128.8,1392.0,1612.0,220.0,36.0,119.21,1655.02
veh128.9,1396.0,1614.0,218.0,36.0,112.21,1655.02
veh158,1382.0,1614.0,232.0,4.0,51.75,2486.17
veh134.8,1184.0,1615.0,431.0,231.0,305.28,1356.82
veh161.7,1430.0,1617.0,187.0,19.0,82.26,1094.85
veh137.7,1228.0,1619.0,391.0,143.0,281.57,1608.34
veh175,1531.0,1619.0,88.0,0.0,18.4,1564.09
veh158.1,1385.0,1621.0,236.0,1.0,53.8,2486.17
veh137.8,1231.0,1622.0,391.0,145.0,285.02,1608.34
veh158.2,1388.0,1623.0,235.0,0.0,77.66,2486.17
veh161.8,1433.0,1624.0,191.0,17.0,90.95,1094.85
veh137.9,1236.0,1625.0,389.0,137.0,275.41,1608.34
veh158.3,1391.0,1627.0,236.0,0.0,54.44,2486.17
veh158.4,1394.0,1629.0,235.0,0.0,77.51,2486.17
veh165,1444.0,1630.0,186.0,81.0,137.48,744.1
veh158.5,1397.0,1631.0,234.0,0.0,96.43,2486.17
veh146.3,1281.0,1632.0,351.0,111.0,169.13,2027.27
veh106.5,943.0,1633.0,690.0,451.0,573.89,1350.28
veh158.6,1400.0,1635.0,235.0,0.0,65.02,2486.17
veh158.7,1403.0,1639.0,236.0,0.0,71.41,2486.17
veh163,1426.0,1639.0,213.0,65.0,124.72,1327.32
veh158.8,1406.0,1641.0,235.0,0.0,81.3,2486.17
veh158.9,1409.0,1642.0,233.0,1.0,86.75,2486.17
veh180,1575.0,1642.0,67.0,0.0,15.08,918.53
veh179,1566.0,1643.0,77.0,0.0,15.02,789.46
veh174,1522.0,1647.0,125.0,0.0,22.35,1141.94
veh134.9,1184.0,1651.0,467.0,255.0,334.41,1367.14
veh161.9,1436.0,1657.0,221.0,63.0,117.49,1094.85
veh135.1,1184.0,1659.0,475.0,342.0,364.62,757.87
veh96,840.0,1660.0,820.0,591.0,691.48,1879.08
veh156,1365.0,1668.0,303.0,160.0,210.96,1281.77
veh182,1592.0,1673.0,81.0,5.0,23.44,977.3
veh156.1,1368.0,1674.0,306.0,155.0,215.86,1281.77
veh106.6,946.0,1676.0,730.0,491.0,615.71,1350.28
veh106.7,949.0,1680.0,731.0,511.0,613.27,1350.28
veh156.2,1371.0,1681.0,310.0,142.0,197.88,1281.77
veh156.3,1374.0,1682.0,308.0,142.0,223.77,1281.77
veh96.3,849.0,1689.0,840.0,597.0,701.65,1854.5
veh156.4,1377.0,1694.0,317.0,141.0,225.66,1281.77
veh188,1645.0,1694.0,49.0,0.0,10.61,613.15
veh156.5,1380.0,1696.0,316.0,138.0,219.18,1281.77
veh101.3,893.0,1697.0,804.0,529.0,687.42,1609.5
veh106.9,955.0,1698.0,743.0,498.0,629.85,1350.28
veh96.2,846.0,1701.0,855.0,607.0,737.18,1879.08
veh156.6,1383.0,1701.0,318.0,136.0,230.31,1281.77
veh96.4,852.0,1703.0,851.0,605.0,742.69,1879.08
veh101.4,896.0,1703.0,807.0,520.0,695.35,1609.5
veh156.8,1394.0,1703.0,309.0,128.0,219.95,1281.77
veh101.5,899.0,1704.0,805.0,514.0,695.98,1609.5
veh101.6,902.0,1709.0,807.0,506.0,684.19,1609.5
veh101.7,905.0,1710.0,805.0,501.0,694.32,1609.5
veh109.4,983.0,1711.0,728.0,510.0,596.3,1306.21
veh101.8,908.0,1712.0,804.0,482.0,690.48,1609.5
veh177,1548.0,1714.0,166.0,0.0,30.51,1673.39
veh143,1654.0,1716.0,62.0,0.0,9.87,859.82
veh184,1610.0,1716.0,106.0,0.0,22.17,1180.22
veh101.9,911.0,1719.0,808.0,472.0,664.16,1609.5
veh119.4,1053.0,1724.0,671.0,521.0,590.48,872.76
veh96.5,855.0,1726.0,871.0,625.0,743.88,1879.08
veh173,1513.0,1726.0,213.0,0.0,34.99,2234.98
veh109.5,986.0,1728.0,742.0,502.0,589.42,1306.21
veh96.6,858.0,1729.0,871.0,625.0,751.27,1879.08
veh178,1557.0,1729.0,172.0,51.0,122.98,731.79
veh119.6,1059.0,1731.0,672.0,501.0,580.72,872.76
veh96.7,861.0,1732.0,871.0,614.0,751.99,1879.08
veh181,1583.0,1732.0,149.0,40.0,73.63,635.56
veh96.8,864.0,1736.0,872.0,606.0,742.41,1879.08
veh189,1653.0,1738.0,85.0,0.0,32.36,1133.6
veh96.9,867.0,1739.0,872.0,609.0,757.48,1879.08
veh109.7,1024.0,1740.0,716.0,463.0,578.59,1306.21
veh190,1662.0,1745.0,83.0,2.0,30.77,807.07
veh109.6,992.0,1749.0,757.0,496.0,588.21,1306.21
veh187,1636.0,1750.0,114.0,0.0,17.21,1329.63
veh119.5,1056.0,1751.0,695.0,441.0,494.99,768.14
veh146,1277.0,1753.0,476.0,175.0,318.04,1728.88
veh119.9,1068.0,1754.0,686.0,500.0,601.51,872.76
veh171,1496.0,1755.0,259.0,139.0,215.2,700.99
veh156.9,1397.0,1757.0,360.0,166.0,273.35,1281.77
veh169,1478.0,1758.0,280.0,74.0,171.56,1763.34
veh143.1,1659.0,1759.0,100.0,32.0,50.62,859.82
veh156.7,1389.0,1759.0,370.0,175.0,286.07,1324.24
veh143.2,1662.0,1761.0,99.0,29.0,52.4,859.82
veh152,1330.0,1761.0,431.0,155.0,301.68,1648.1
veh123.9,1103.0,1762.0,659.0,515.0,577.2,1553.51
veh146.1,1278.0,1763.0,485.0,190.0,344.25,1728.88
veh143.3,1665.0,1764.0,99.0,26.0,50.01,859.82
veh143.4,1668.0,1766.0,98.0,23.0,49.5,859.82
veh143.5,1671.0,1768.0,97.0,19.0,52.68,859.82
veh152.1,1333.0,1768.0,435.0,152.0,319.6,1648.1
veh143.6,1674.0,1769.0,95.0,16.0,51.2,859.82
veh146.2,1279.0,1770.0,491.0,186.0,324.89,1728.88
veh152.2,1336.0,1770.0,434.0,146.0,300.11,1645.71
veh143.7,1677.0,1771.0,94.0,19.0,51.72,859.82
veh146.4,1283.0,1772.0,489.0,190.0,338.41,1728.88
veh143.8,1703.0,1773.0,70.0,2.0,25.85,859.82
veh146.5,1285.0,1774.0,489.0,190.0,350.98,1728.88
veh143.9,1706.0,1776.0,70.0,2.0,24.53,859.82
veh146.6,1287.0,1776.0,489.0,192.0,358.14,1728.88
veh109.9,1030.0,1777.0,747.0,491.0,634.58,1306.21
veh146.7,1289.0,1778.0,489.0,195.0,358.58,1728.88
veh152.4,1342.0,1778.0,436.0,139.0,301.37,1645.71
veh146.8,1291.0,1780.0,489.0,191.0,341.54,1728.88
veh119,1041.0,1781.0,740.0,558.0,644.32,806.92
veh152.7,1351.0,1781.0,430.0,126.0,282.57,1645.71
veh119.1,1044.0,1784.0,740.0,559.0,644.86,806.92
veh109.8,1027.0,1788.0,761.0,502.0,619.18,1306.21
veh119.2,1047.0,1788.0,741.0,545.0,640.4,806.92
veh152.3,1339.0,1788.0,449.0,144.0,315.86,1645.71
veh152.5,1345.0,1789.0,444.0,155.0,318.85,1648.1
veh152.9,1357.0,1797.0,440.0,132.0,296.46,1645.71
veh152.6,1348.0,1799.0,451.0,151.0,325.58,1648.1
veh166,1452.0,1799.0,347.0,189.0,235.44,1633.94
veh146.9,1293.0,1801.0,508.0,214.0,358.35,1728.88
veh192,1680.0,1802.0,122.0,6.0,40.81,1046.38
veh153.1,1340.0,1803.0,463.0,131.0,314.27,2114.67
veh152.8,1354.0,1806.0,452.0,136.0,324.35,1648.1
veh185,1618.0,1806.0,188.0,0.0,51.78,1916.46
veh119.3,1050.0,1809.0,759.0,567.0,669.71,806.92
veh198,1732.0,1809.0,77.0,0.0,28.51,621.83
veh168,1470.0,1813.0,343.0,176.0,237.33,1819.18
veh193,1688.0,1816.0,128.0,40.0,76.27,767.47
veh183,1601.0,1817.0,216.0,147.0,189.9,404.9
veh204,1785.0,1824.0,39.0,0.0,5.36,678.94
veh170,1487.0,1827.0,340.0,179.0,228.16,1536.17
veh153,1339.0,1830.0,491.0,135.0,286.33,2114.67
veh119.7,1062.0,1832.0,770.0,585.0,678.0,806.92
veh153.2,1341.0,1832.0,491.0,134.0,311.47,2114.67
veh153.3,1342.0,1834.0,492.0,142.0,334.99,2114.67
veh119.8,1065.0,1835.0,770.0,574.0,679.52,806.92
veh118.9,1719.0,1836.0,117.0,0.0,38.33,1358.58
veh153.5,1344.0,1836.0,492.0,126.0,337.71,2114.67
veh186,1627.0,1837.0,210.0,21.0,61.2,1688.5
veh153.6,1345.0,1839.0,494.0,140.0,338.78,2114.67
veh153.4,1343.0,1843.0,500.0,138.0,337.85,2114.67
veh153.7,1346.0,1844.0,498.0,143.0,342.18,2114.67
veh153.8,1348.0,1848.0,500.0,135.0,334.04,2114.67
veh153.9,1351.0,1851.0,500.0,132.0,329.9,2114.67
veh199,1741.0,1855.0,114.0,0.0,16.63,1101.89
veh191,1671.0,1856.0,185.0,0.0,32.11,1707.75
veh196,1715.0,1861.0,146.0,0.0,29.05,1381.41
veh194,1697.0,1863.0,166.0,4.0,42.93,2007.07
veh136.5,1205.0,1866.0,661.0,344.0,409.95,3148.54
veh135,1181.0,1870.0,689.0,570.0,624.97,787.52
veh128,1133.0,1873.0,740.0,524.0,613.34,1860.03
veh206,1802.0,1879.0,77.0,3.0,14.88,670.03
veh197,1724.0,1881.0,157.0,0.0,27.2,1587.98
veh135.2,1187.0,1882.0,695.0,566.0,620.69,787.52
veh135.3,1190.0,1885.0,695.0,567.0,631.17,787.52
veh135.4,1193.0,1887.0,694.0,567.0,635.21,787.52
veh200,1750.0,1888.0,138.0,28.0,57.1,1120.91
veh135.5,1196.0,1890.0,694.0,563.0,621.65,787.52
veh135.6,1199.0,1893.0,694.0,558.0,635.22,778.48
veh135.7,1202.0,1896.0,694.0,557.0,630.26,787.52
veh209,1828.0,1896.0,68.0,0.0,16.7,803.05
veh128.1,1137.0,1899.0,762.0,546.0,641.03,1860.03
veh135.8,1205.0,1899.0,694.0,555.0,629.1,787.52
veh135.9,1208.0,1902.0,694.0,556.0,634.27,787.52
veh203,1776.0,1904.0,128.0,0.0,21.3,1279.94
veh195,1706.0,1909.0,203.0,12.0,58.46,2191.1
veh208,1820.0,1909.0,89.0,0.0,18.66,982.08
veh207,1811.0,1910.0,99.0,0.0,23.71,1209.55
veh136,1190.0,1931.0,741.0,442.0,513.17,3178.14
veh201,1758.0,1931.0,173.0,1.0,32.64,1670.52
veh213,1863.0,1934.0,71.0,0.0,15.22,785.75
veh214,1872.0,1944.0,72.0,0.0,18.57,657.06
veh217,1898.0,1953.0,55.0,0.0,13.74,440.57
veh211,1846.0,1965.0,119.0,4.0,35.55,1300.83
veh136.7,1556.0,1967.0,411.0,180.0,223.84,2505.79
veh136.8,1743.0,1982.0,239.0,10.0,53.66,2481.28
veh136.9,1747.0,1983.0,236.0,13.0,78.26,2505.79
veh205,1793.0,1985.0,192.0,1.0,37.11,1948.37
veh212,1855.0,1990.0,135.0,2.0,47.67,1402.94
veh223,1951.0,1997.0,46.0,0.0,18.95,547.14
veh215,1881.0,2006.0,125.0,0.0,23.1,1391.1
veh136.1,1193.0,2014.0,821.0,531.0,624.47,3178.14
veh219,1916.0,2017.0,101.0,0.0,19.75,1003.1
veh221,1933.0,2019.0,86.0,0.0,22.08,907.47
veh202,1767.0,2023.0,256.0,11.0,67.8,2154.15
veh224,1960.0,2027.0,67.0,0.0,10.48,584.64
veh136.6,1252.0,2041.0,789.0,535.0,626.21,2626.57
veh225,1968.0,2043.0,75.0,0.0,15.17,927.33
veh226,1977.0,2043.0,66.0,0.0,8.66,751.94
veh136.2,1196.0,2045.0,849.0,560.0,652.21,3178.14
veh136.3,1199.0,2047.0,848.0,565.0,669.3,3178.14
veh218,1907.0,2052.0,145.0,0.0,25.19,1347.34
veh136.4,1202.0,2053.0,851.0,572.0,680.98,3178.14
veh220,1925.0,2057.0,132.0,0.0,31.42,1553.31
veh228,1994.0,2063.0,69.0,0.0,22.35,724.52
veh216,1890.0,2079.0,189.0,0.0,47.96,2273.06
veh227,1986.0,2089.0,103.0,0.0,24.96,1200.53
veh230,2012.0,2099.0,87.0,0.0,18.05,1444.03
veh229,2003.0,2102.0,99.0,0.0,32.8,1314.42
veh222,1942.0,2104.0,162.0,0.0,31.3,1607.82
veh233,2038.0,2113.0,75.0,0.0,19.95,825.21
veh235,2056.0,2125.0,69.0,0.0,18.23,778.47
veh237,2073.0,2132.0,59.0,0.0,4.88,1332.72
veh238,2082.0,2143.0,61.0,0.0,12.44,581.94
veh231,2021.0,2145.0,124.0,0.0,23.74,1603.64
veh232,2029.0,2155.0,126.0,4.0,32.01,1626.76
veh240,2099.0,2156.0,57.0,0.0,15.73,823.35
veh234,2047.0,2183.0,136.0,0.0,28.62,1639.12
veh247,2161.0,2193.0,32.0,0.0,5.88,324.47
veh242,2117.0,2204.0,87.0,0.0,14.94,1351.55
veh248,2169.0,2211.0,42.0,0.0,3.81,776.66
veh243,2126.0,2219.0,93.0,4.0,23.67,997.08
veh241,2108.0,2221.0,113.0,0.0,25.33,1413.18
veh245,2143.0,2240.0,97.0,0.0,15.78,862.27
veh244,2134.0,2247.0,113.0,0.0,21.84,1323.2
veh249,2178.0,2249.0,71.0,0.0,17.79,853.76
veh236,2064.0,2252.0,188.0,0.0,35.74,2017.47
veh246,2152.0,2255.0,103.0,0.0,18.13,1360.48
veh250,2187.0,2270.0,83.0,0.0,13.01,965.15
veh253,2213.0,2284.0,71.0,0.0,11.72,614.98
veh254,2222.0,2305.0,83.0,0.0,17.14,929.11
veh256,2239.0,2311.0,72.0,0.0,14.07,785.36
veh258,2257.0,2344.0,87.0,0.0,22.16,969.01
veh260,2274.0,2353.0,79.0,0.0,20.03,775.18
veh262,2292.0,2355.0,63.0,0.0,9.06,601.79
veh251,2196.0,2362.0,166.0,0.0,42.29,2203.72
veh255,2231.0,2373.0,142.0,0.0,18.72,1095.07
veh257,2248.0,2391.0,143.0,0.0,42.09,1210.78
veh264,2309.0,2393.0,84.0,0.0,10.98,729.24
veh261,2283.0,2404.0,121.0,0.0,22.5,1432.75
veh268,2344.0,2412.0,68.0,0.0,23.52,744.58
veh265,2318.0,2416.0,98.0,0.0,23.05,924.27
veh252,2204.0,2417.0,213.0,0.0,44.21,2426.38
veh270,2362.0,2428.0,66.0,0.0,24.66,643.47
veh263,2301.0,2432.0,131.0,0.0,21.36,1249.88
veh259,2266.0,2449.0,183.0,0.0,45.87,1360.31
veh274,2397.0,2450.0,53.0,0.0,10.4,799.67
veh269,2353.0,2456.0,103.0,1.0,21.86,948.98
veh271,2371.0,2467.0,96.0,0.0,21.63,721.89
veh272,2379.0,2478.0,99.0,0.0,26.24,1033.64
veh273,2388.0,2482.0,94.0,0.0,9.65,956.37
veh267,2336.0,2485.0,149.0,0.0,28.44,1527.39
veh266,2327.0,2487.0,160.0,0.0,37.9,1848.95
veh279,2441.0,2510.0,69.0,0.0,14.83,760.87
veh275,2406.0,2528.0,122.0,0.0,26.08,1600.78
veh276,2414.0,2532.0,118.0,4.0,28.16,1256.92
veh280,2449.0,2538.0,89.0,0.0,15.66,1251.22
veh281,2458.0,2560.0,102.0,0.0,28.97,1464.46
veh287,2510.0,2560.0,50.0,0.0,7.02,473.6
veh283,2475.0,2563.0,88.0,0.0,22.18,1024.81
veh284,2486.0,2571.0,85.0,0.0,13.0,990.05
veh288,2519.0,2578.0,59.0,0.0,14.15,598.31
veh277,2423.0,2591.0,168.0,0.0,34.12,1758.8
veh278,2432.0,2598.0,166.0,6.0,46.33,1866.72
veh282,2467.0,2610.0,143.0,0.0,20.26,1388.63
veh292,2554.0,2611.0,57.0,0.0,11.96,677.46
veh286,2502.0,2623.0,121.0,0.0,22.78,1399.98
veh290,2537.0,2648.0,111.0,0.0,28.48,1270.51
veh295,2580.0,2666.0,86.0,0.0,15.26,788.26
veh298,2607.0,2667.0,60.0,0.0,17.73,641.3
veh291,2545.0,2672.0,127.0,0.0,26.9,1548.7
veh297,2598.0,2683.0,85.0,0.0,15.88,983.1
veh302,2642.0,2708.0,66.0,0.0,11.21,1020.9
veh289,2528.0,2720.0,192.0,0.0,29.77,1861.99
veh300,2624.0,2721.0,97.0,0.0,12.04,1060.18
veh294,2572.0,2732.0,160.0,2.0,34.55,969.76
veh296,2589.0,2735.0,146.0,0.0,38.53,1865.99
veh299,2615.0,2737.0,122.0,0.0,28.32,1157.22
veh309,2703.0,2749.0,46.0,0.0,7.49,605.46
veh293,2563.0,2756.0,193.0,0.0,28.04,1984.82
veh301,2633.0,2760.0,127.0,0.0,32.2,1544.16
veh307,2685.0,2760.0,75.0,0.0,18.54,733.55
veh285,2493.0,2761.0,268.0,0.0,66.31,2888.22
veh304,2659.0,2770.0,111.0,3.0,29.82,1077.22
veh303,2650.0,2787.0,137.0,0.0,50.99,2008.66
veh310,2712.0,2789.0,77.0,0.0,10.18,942.34
veh314,2747.0,2801.0,54.0,0.0,9.42,548.54
veh308,2694.0,2805.0,111.0,0.0,16.37,1054.87
veh305,2668.0,2818.0,150.0,0.0,21.64,1720.23
veh306,2677.0,2819.0,142.0,4.0,41.81,1635.54
veh315,2755.0,2826.0,71.0,0.0,15.05,1072.94
veh316,2764.0,2849.0,85.0,2.0,21.61,831.13
veh312,2729.0,2857.0,128.0,0.0,27.41,1350.8
veh317,2773.0,2874.0,101.0,1.0,37.16,1215.21
veh318,2782.0,2874.0,92.0,0.0,14.83,979.6
veh313,2738.0,2880.0,142.0,0.0,22.43,1482.11
veh320,2799.0,2886.0,87.0,0.0,15.46,1536.98
veh319,2790.0,2904.0,114.0,0.0,22.29,1433.31
veh311,2720.0,2907.0,187.0,0.0,32.86,2062.04
veh325,2843.0,2917.0,74.0,0.0,12.28,720.1
veh322,2817.0,2931.0,114.0,1.0,24.28,1116.86
veh327,2860.0,2937.0,77.0,0.0,22.32,1015.61
veh323,2825.0,2938.0,113.0,0.0,18.75,1180.76
veh328,2869.0,2941.0,72.0,0.0,15.15,741.32
veh330,2887.0,2942.0,55.0,0.0,21.96,742.76
veh321,2808.0,2957.0,149.0,1.0,32.64,1686.06
veh332,2904.0,2979.0,75.0,0.0,18.27,816.37
veh324,2834.0,2992.0,158.0,0.0,41.42,2090.55
veh334,2922.0,2995.0,73.0,0.0,14.98,688.19
veh335,2930.0,3004.0,74.0,0.0,17.85,921.05
veh329,2878.0,3025.0,147.0,0.0,30.75,1653.83
veh342,2991.0,3044.0,53.0,0.0,7.51,703.45
veh344,3009.0,3048.0,39.0,0.0,6.41,626.22
veh340,2974.0,3052.0,78.0,0.0,19.37,772.56
veh333,2913.0,3056.0,143.0,0.0,22.67,1455.96
veh337,2948.0,3056.0,108.0,0.0,22.51,1095.2
veh326,2852.0,3066.0,214.0,0.0,38.53,2468.45
veh336,2939.0,3069.0,130.0,0.0,27.84,1695.65
veh338,2956.0,3069.0,113.0,0.0,24.22,1476.98
veh339,2965.0,3073.0,108.0,2.0,28.78,1241.65
veh331,2895.0,3085.0,190.0,0.0,45.51,2346.85
veh347,3035.0,3088.0,53.0,0.0,8.08,506.41
veh345,3018.0,3122.0,104.0,0.0,25.57,1225.33
veh343,3000.0,3133.0,133.0,0.0,17.68,1578.19
veh341,2983.0,3151.0,168.0,0.0,37.2,2218.53
veh349,3053.0,3162.0,109.0,8.0,34.35,1130.69
veh355,3105.0,3162.0,57.0,0.0,18.23,741.34
veh350,3061.0,3163.0,102.0,1.0,21.68,973.38
veh354,3096.0,3170.0,74.0,0.0,16.65,718.06
veh359,3140.0,3180.0,40.0,0.0,10.91,379.02
veh352,3079.0,3181.0,102.0,0.0,18.36,1452.5
veh356,3114.0,3192.0,78.0,0.0,23.47,778.57
veh348,3044.0,3206.0,162.0,0.0,33.42,1854.33
veh346,3026.0,3208.0,182.0,0.0,35.84,1597.51
veh361,3158.0,3228.0,70.0,0.0,12.23,1082.91
veh360,3149.0,3230.0,81.0,0.0,19.38,887.37
veh363,3175.0,3237.0,62.0,0.0,16.4,586.73
veh351,3070.0,3244.0,174.0,0.0,34.68,1880.39
veh367,3210.0,3263.0,53.0,0.0,7.8,1141.58
veh366,3201.0,3264.0,63.0,3.0,22.07,811.67
veh353,3089.0,3274.0,185.0,1.0,35.2,1899.65
veh357,3123.0,3279.0,156.0,11.0,42.12,1509.5
veh358,3131.0,3288.0,157.0,4.0,43.39,1758.53
veh373,3263.0,3299.0,36.0,0.0,9.66,533.72
veh365,3193.0,3307.0,114.0,0.0,33.5,1467.19
veh371,3245.0,3320.0,75.0,0.0,14.13,826.51
veh362,3166.0,3334.0,168.0,0.0,20.35,1468.11
veh368,3219.0,3335.0,116.0,0.0,20.97,1088.66
veh364,3184.0,3344.0,160.0,0.0,27.92,1736.66
veh369,3228.0,3346.0,118.0,0.0,16.47,1102.94
veh375,3280.0,3366.0,86.0,0.0,15.89,782.74
veh376,3289.0,3367.0,78.0,0.0,22.13,980.88
veh382,3341.0,3382.0,41.0,0.0,12.54,493.48
veh372,3254.0,3388.0,134.0,0.0,14.14,1613.54
veh380,3324.0,3394.0,70.0,5.0,17.17,648.88
veh383,3350.0,3402.0,52.0,0.0,11.18,657.17
veh374,3271.0,3403.0,132.0,3.0,35.2,1382.51
veh379,3315.0,3406.0,91.0,0.0,23.25,1057.31
veh384,3359.0,3429.0,70.0,0.0,15.15,867.93
veh378,3306.0,3431.0,125.0,0.0,24.51,1423.08
veh381,3333.0,3432.0,99.0,0.0,13.66,1100.56
veh377,3298.0,3434.0,136.0,8.0,34.48,1510.12
veh370,3236.0,3440.0,204.0,1.0,43.42,2223.73
veh391,3420.0,3477.0,57.0,0.0,21.26,790.31
veh387,3385.0,3486.0,101.0,0.0,23.82,1152.43
veh389,3403.0,3490.0,87.0,0.0,14.24,954.85
veh388,3394.0,3510.0,116.0,0.0,18.97,1353.22
veh393,3438.0,3517.0,79.0,2.0,23.1,866.22
veh385,3368.0,3529.0,161.0,0.0,39.5,1829.04
veh395,3455.0,3540.0,85.0,0.0,18.46,728.95
veh396,3464.0,3543.0,79.0,0.0,20.8,869.09
veh398,3481.0,3553.0,72.0,0.0,13.26,623.12
veh390,3411.0,3572.0,161.0,0.0,34.95,1429.89
veh402,3516.0,3574.0,58.0,0.0,8.73,564.8
veh400,3499.0,3582.0,83.0,0.0,23.88,954.14
veh394,3446.0,3585.0,139.0,0.0,25.27,1517.72
veh399,3490.0,3586.0,96.0,0.0,22.8,1415.42
veh392,3429.0,3588.0,159.0,0.0,34.62,1581.77
veh403,3525.0,3595.0,70.0,0.0,15.65,886.32
veh407,3560.0,3602.0,42.0,0.0,4.96,1002.07
veh405,3542.0,3616.0,74.0,0.0,20.33,866.59
veh406,3551.0,3616.0,65.0,0.0,8.32,563.9
veh386,3376.0,3621.0,245.0,0.0,49.96,2876.26
veh397,3472.0,3621.0,149.0,0.0,27.23,1411.97
veh404,3534.0,3659.0,125.0,0.0,18.47,1368.39
veh401,3507.0,3674.0,167.0,0.0,29.7,1533.52
veh408,3569.0,3689.0,120.0,0.0,23.74,1323.5
veh410,3586.0,3692.0,106.0,0.0,14.58,1123.95
veh411,3595.0,3700.0,105.0,1.0,32.16,1268.25
veh409,3577.0,3744.0,167.0,0.0,35.01,1902.73
